Year,Month,News_Based_Policy_Uncert_Index,"Market yield on U.S. Treasury securities at 3-month   constant maturity, quoted on investment basis","Market yield on U.S. Treasury securities at 6-month   constant maturity, quoted on investment basis","Market yield on U.S. Treasury securities at 1-year   constant maturity, quoted on investment basis","Market yield on U.S. Treasury securities at 2-year   constant maturity, quoted on investment basis","Market yield on U.S. Treasury securities at 3-year   constant maturity, quoted on investment basis","Market yield on U.S. Treasury securities at 5-year   constant maturity, quoted on investment basis","Market yield on U.S. Treasury securities at 7-year   constant maturity, quoted on investment basis","Market yield on U.S. Treasury securities at 10-year   constant maturity, quoted on investment basis","Market yield on U.S. Treasury securities at 20-year   constant maturity, quoted on investment basis","Market yield on U.S. Treasury securities at 30-year   constant maturity, quoted on investment basis"
2026,2,385.9954833984375,3.69,3.6,3.48,3.47,3.52,3.68,3.89,4.13,4.7,4.76
2026,1,371.3349609375,3.67,3.59,3.51,3.54,3.61,3.78,3.99,4.21,4.79,4.84
2025,12,288.5950012207031,3.68,3.63,3.54,3.5,3.55,3.7,3.9,4.14,4.76,4.8
2025,11,311.6498718261719,3.94,3.78,3.66,3.55,3.56,3.67,3.86,4.09,4.67,4.7
2025,10,308.34039306640625,3.98,3.79,3.61,3.52,3.53,3.65,3.83,4.06,4.61,4.64
2025,9,319.84100341796875,4.07,3.84,3.66,3.57,3.55,3.66,3.86,4.12,4.71,4.74
2025,8,370.9254150390625,4.3,4.11,3.89,3.7,3.67,3.79,4.0,4.26,4.85,4.87
2025,7,372.0626831054688,4.41,4.31,4.08,3.88,3.84,3.95,4.15,4.39,4.92,4.92
2025,6,375.5852966308594,4.42,4.3,4.06,3.89,3.86,3.96,4.16,4.38,4.9,4.89
2025,5,563.984130859375,4.36,4.3,4.09,3.92,3.9,4.02,4.22,4.42,4.92,4.9
2025,4,724.9360961914062,4.32,4.2,3.95,3.78,3.78,3.91,4.08,4.28,4.74,4.71
2025,3,446.30316162109375,4.34,4.27,4.06,3.97,3.96,4.04,4.16,4.28,4.63,4.6
2025,2,329.290771484375,4.33,4.3,4.19,4.21,4.22,4.28,4.37,4.45,4.73,4.68
2025,1,236.7870635986328,4.34,4.26,4.18,4.27,4.33,4.43,4.53,4.63,4.92,4.85
2024,12,218.84550476074216,4.39,4.32,4.23,4.23,4.22,4.25,4.32,4.39,4.66,4.58
2024,11,225.0490264892578,4.62,4.43,4.33,4.26,4.21,4.23,4.29,4.36,4.63,4.54
2024,10,109.29090118408205,4.72,4.44,4.2,3.97,3.9,3.91,3.99,4.1,4.44,4.38
2024,9,127.39911651611328,4.92,4.55,4.03,3.62,3.51,3.5,3.6,3.72,4.1,4.04
2024,8,138.3664093017578,5.3,4.96,4.43,3.97,3.79,3.71,3.77,3.87,4.25,4.15
2024,7,144.93679809570312,5.43,5.25,4.9,4.5,4.29,4.16,4.19,4.25,4.56,4.46
2024,6,144.17843627929688,5.51,5.37,5.11,4.74,4.5,4.32,4.3,4.31,4.54,4.44
2024,5,123.60752868652344,5.46,5.42,5.16,4.86,4.66,4.5,4.49,4.48,4.71,4.62
2024,4,139.41201782226562,5.44,5.38,5.14,4.87,4.71,4.56,4.56,4.54,4.77,4.66
2024,3,116.71149444580078,5.47,5.36,4.99,4.59,4.38,4.2,4.21,4.21,4.46,4.36
2024,2,106.51286315917967,5.44,5.28,4.92,4.54,4.33,4.19,4.21,4.21,4.49,4.38
2024,1,131.27366638183594,5.45,5.21,4.79,4.32,4.11,3.98,4.03,4.06,4.39,4.26
2023,12,107.00157928466795,5.44,5.34,4.96,4.46,4.19,4.0,4.04,4.02,4.32,4.14
2023,11,140.67718505859375,5.52,5.44,5.28,4.88,4.64,4.49,4.53,4.5,4.84,4.66
2023,10,133.59408569335938,5.6,5.57,5.42,5.07,4.89,4.77,4.82,4.8,5.13,4.95
2023,9,117.69878387451172,5.56,5.51,5.44,5.02,4.74,4.49,4.46,4.38,4.65,4.47
2023,8,76.84422302246092,5.56,5.54,5.37,4.9,4.59,4.31,4.26,4.17,4.46,4.28
2023,7,132.7106170654297,5.49,5.53,5.37,4.83,4.47,4.14,4.03,3.9,4.15,3.96
2023,6,179.30804443359375,5.42,5.42,5.24,4.64,4.27,3.95,3.85,3.75,4.04,3.87
2023,5,205.17645263671875,5.31,5.27,4.91,4.13,3.82,3.59,3.58,3.57,3.96,3.86
2023,4,165.4175567626953,5.07,4.99,4.68,4.02,3.76,3.54,3.5,3.46,3.8,3.68
2023,3,200.48992919921875,4.86,4.99,4.68,4.3,4.09,3.82,3.77,3.66,3.94,3.77
2023,2,152.96728515625,4.79,4.97,4.93,4.53,4.23,3.94,3.86,3.75,3.95,3.8
2023,1,161.4271240234375,4.69,4.8,4.69,4.21,3.91,3.64,3.59,3.53,3.81,3.66
2022,12,150.03712463378906,4.36,4.71,4.68,4.29,4.05,3.76,3.72,3.62,3.87,3.66
2022,11,210.3749237060547,4.32,4.61,4.73,4.5,4.34,4.06,3.99,3.89,4.22,4.0
2022,10,207.27532958984372,3.87,4.31,4.43,4.38,4.38,4.18,4.09,3.98,4.28,4.04
2022,9,201.7384796142578,3.22,3.71,3.89,3.86,3.88,3.7,3.64,3.52,3.82,3.56
2022,8,183.03482055664065,2.72,3.15,3.28,3.25,3.23,3.03,2.98,2.9,3.35,3.13
2022,7,222.7899169921875,2.3,2.87,3.02,3.04,3.03,2.96,2.97,2.9,3.35,3.1
2022,6,152.81056213378906,1.54,2.17,2.65,3.0,3.15,3.19,3.21,3.14,3.48,3.25
2022,5,190.45301818847656,0.99,1.49,2.06,2.62,2.79,2.87,2.92,2.9,3.26,3.07
2022,4,168.82774353027344,0.76,1.26,1.89,2.54,2.72,2.78,2.8,2.75,2.99,2.81
2022,3,229.24473571777344,0.45,0.86,1.34,1.91,2.09,2.11,2.15,2.13,2.51,2.41
2022,2,140.4425048828125,0.31,0.64,1.0,1.44,1.65,1.81,1.91,1.93,2.31,2.25
2022,1,155.2796630859375,0.15,0.33,0.55,0.98,1.25,1.54,1.7,1.76,2.15,2.1
2021,12,201.43365478515625,0.06,0.15,0.3,0.68,0.95,1.23,1.4,1.47,1.9,1.85
2021,11,175.8728790283203,0.05,0.07,0.18,0.51,0.82,1.2,1.45,1.56,1.97,1.94
2021,10,136.9202423095703,0.05,0.06,0.11,0.39,0.67,1.11,1.4,1.58,2.03,2.06
2021,9,171.3004608154297,0.04,0.05,0.08,0.24,0.47,0.86,1.16,1.37,1.87,1.94
2021,8,157.1951904296875,0.05,0.06,0.07,0.22,0.42,0.77,1.06,1.28,1.83,1.92
2021,7,182.17141723632807,0.05,0.05,0.08,0.22,0.4,0.76,1.07,1.32,1.87,1.94
2021,6,149.13125610351562,0.04,0.05,0.07,0.2,0.39,0.84,1.23,1.52,2.09,2.16
2021,5,172.09619140625,0.02,0.04,0.05,0.16,0.32,0.82,1.28,1.62,2.22,2.32
2021,4,141.3001708984375,0.02,0.04,0.06,0.16,0.35,0.86,1.31,1.64,2.2,2.3
2021,3,166.78553771972656,0.03,0.05,0.08,0.15,0.32,0.82,1.27,1.61,2.24,2.34
2021,2,187.5196228027344,0.04,0.06,0.07,0.12,0.21,0.54,0.91,1.26,1.88,2.04
2021,1,261.30615234375,0.08,0.09,0.1,0.13,0.2,0.45,0.77,1.08,1.63,1.82
2020,12,326.6166687011719,0.09,0.09,0.1,0.14,0.19,0.39,0.66,0.93,1.47,1.67
2020,11,327.6095886230469,0.09,0.1,0.12,0.17,0.22,0.39,0.63,0.87,1.4,1.62
2020,10,305.76663208007807,0.1,0.11,0.13,0.15,0.19,0.34,0.55,0.79,1.34,1.57
2020,9,252.58782958984372,0.11,0.12,0.13,0.13,0.16,0.27,0.46,0.68,1.21,1.42
2020,8,263.471435546875,0.1,0.12,0.13,0.14,0.16,0.27,0.46,0.65,1.14,1.36
2020,7,427.9153442382813,0.13,0.14,0.15,0.15,0.17,0.28,0.46,0.62,1.09,1.31
2020,6,300.2401428222656,0.16,0.18,0.18,0.19,0.22,0.34,0.55,0.73,1.27,1.49
2020,5,503.96334838867193,0.13,0.15,0.16,0.17,0.22,0.34,0.53,0.67,1.12,1.38
2020,4,400.9447326660156,0.14,0.17,0.18,0.22,0.28,0.39,0.55,0.66,1.06,1.27
2020,3,425.7792053222656,0.3,0.3,0.33,0.45,0.5,0.59,0.78,0.87,1.26,1.46
2020,2,216.19120788574216,1.54,1.51,1.41,1.33,1.31,1.32,1.42,1.5,1.81,1.97
2020,1,164.7553253173828,1.55,1.56,1.53,1.52,1.52,1.56,1.67,1.76,2.07,2.22
2019,12,190.50491333007807,1.57,1.58,1.55,1.61,1.63,1.68,1.79,1.86,2.16,2.3
2019,11,170.4803466796875,1.57,1.59,1.57,1.61,1.61,1.64,1.74,1.81,2.13,2.28
2019,10,159.5113983154297,1.68,1.67,1.61,1.55,1.53,1.53,1.62,1.71,2.0,2.19
2019,9,186.64070129394528,1.93,1.89,1.8,1.65,1.59,1.57,1.64,1.7,1.97,2.16
2019,8,282.52294921875,1.99,1.93,1.77,1.57,1.51,1.49,1.55,1.63,1.91,2.12
2019,7,207.74546813964844,2.15,2.08,1.96,1.84,1.8,1.83,1.93,2.06,2.36,2.57
2019,6,207.9913787841797,2.22,2.17,2.0,1.81,1.78,1.83,1.95,2.07,2.36,2.57
2019,5,160.858154296875,2.4,2.42,2.34,2.21,2.16,2.19,2.29,2.4,2.63,2.82
2019,4,109.68636322021484,2.43,2.46,2.42,2.34,2.31,2.33,2.43,2.53,2.76,2.94
2019,3,180.63168334960935,2.45,2.51,2.49,2.41,2.37,2.37,2.47,2.57,2.8,2.98
2019,2,123.6392822265625,2.44,2.5,2.55,2.5,2.48,2.49,2.57,2.68,2.87,3.02
2019,1,284.13592529296875,2.42,2.51,2.58,2.54,2.52,2.54,2.61,2.71,2.89,3.04
2018,12,226.57688903808597,2.41,2.54,2.66,2.68,2.67,2.68,2.75,2.83,2.98,3.1
2018,11,164.94219970703125,2.37,2.52,2.7,2.86,2.91,2.95,3.04,3.12,3.27,3.36
2018,10,136.11465454101562,2.29,2.46,2.65,2.86,2.94,3.0,3.09,3.15,3.27,3.34
2018,9,120.98519134521484,2.17,2.34,2.56,2.77,2.84,2.89,2.96,3.0,3.08,3.15
2018,8,114.9613800048828,2.07,2.24,2.45,2.64,2.71,2.77,2.84,2.89,2.97,3.04
2018,7,176.20509338378906,1.99,2.17,2.39,2.61,2.7,2.78,2.85,2.89,2.94,3.01
2018,6,134.40277099609375,1.94,2.11,2.33,2.53,2.65,2.78,2.87,2.91,2.98,3.05
2018,5,162.2766876220703,1.9,2.07,2.27,2.51,2.66,2.82,2.93,2.98,3.05,3.13
2018,4,139.03536987304688,1.79,1.98,2.15,2.38,2.52,2.7,2.82,2.87,2.96,3.07
2018,3,187.0958709716797,1.73,1.92,2.06,2.28,2.42,2.63,2.77,2.84,2.97,3.09
2018,2,114.75556182861328,1.59,1.79,1.96,2.18,2.36,2.6,2.78,2.86,3.02,3.13
2018,1,160.9672088623047,1.43,1.62,1.8,2.03,2.15,2.38,2.51,2.58,2.73,2.88
2017,12,140.3501739501953,1.34,1.5,1.7,1.84,1.96,2.18,2.32,2.4,2.6,2.77
2017,11,111.28268432617188,1.25,1.39,1.56,1.7,1.81,2.05,2.23,2.35,2.6,2.8
2017,10,125.86585235595705,1.09,1.25,1.4,1.55,1.68,1.98,2.2,2.36,2.65,2.88
2017,9,116.62001800537108,1.05,1.17,1.28,1.38,1.51,1.8,2.03,2.2,2.53,2.78
2017,8,137.85971069335938,1.03,1.13,1.23,1.34,1.48,1.78,2.03,2.21,2.55,2.8
2017,7,141.13832092285156,1.09,1.13,1.22,1.37,1.54,1.87,2.13,2.32,2.65,2.88
2017,6,120.63846588134766,1.0,1.11,1.2,1.34,1.49,1.77,2.01,2.19,2.54,2.8
2017,5,129.8880615234375,0.9,1.04,1.12,1.3,1.48,1.84,2.11,2.3,2.7,2.96
2017,4,157.67654418945312,0.81,0.95,1.04,1.24,1.44,1.82,2.1,2.3,2.67,2.94
2017,3,154.60968017578125,0.75,0.89,1.01,1.31,1.59,2.01,2.3,2.48,2.83,3.08
2017,2,177.7777099609375,0.53,0.65,0.82,1.2,1.47,1.9,2.22,2.42,2.76,3.03
2017,1,195.04063415527344,0.52,0.62,0.83,1.21,1.48,1.92,2.23,2.43,2.75,3.02
2016,12,161.42477416992188,0.51,0.64,0.87,1.2,1.49,1.96,2.29,2.49,2.84,3.11
2016,11,254.101318359375,0.45,0.58,0.74,0.98,1.22,1.6,1.93,2.14,2.54,2.86
2016,10,108.06412506103516,0.33,0.48,0.66,0.84,0.99,1.27,1.56,1.76,2.17,2.5
2016,9,86.3435287475586,0.29,0.47,0.59,0.77,0.9,1.18,1.46,1.63,2.02,2.35
2016,8,106.88562774658205,0.3,0.45,0.57,0.74,0.85,1.13,1.4,1.56,1.89,2.26
2016,7,164.45838928222656,0.3,0.4,0.51,0.67,0.79,1.07,1.33,1.5,1.82,2.23
2016,6,233.95611572265625,0.27,0.4,0.55,0.73,0.86,1.17,1.44,1.64,2.02,2.45
2016,5,96.2223358154297,0.28,0.42,0.59,0.82,0.97,1.3,1.6,1.81,2.22,2.63
2016,4,96.41341400146483,0.23,0.37,0.56,0.77,0.92,1.26,1.57,1.81,2.21,2.62
2016,3,130.4901580810547,0.3,0.47,0.66,0.88,1.04,1.38,1.68,1.89,2.28,2.68
2016,2,148.32177734375,0.31,0.45,0.53,0.73,0.9,1.22,1.53,1.78,2.2,2.62
2016,1,154.85731506347656,0.26,0.43,0.54,0.9,1.14,1.52,1.85,2.09,2.49,2.86
2015,12,101.96343231201172,0.23,0.5,0.65,0.98,1.28,1.7,2.04,2.24,2.61,2.97
2015,11,89.58369445800781,0.13,0.33,0.48,0.88,1.2,1.67,2.02,2.26,2.69,3.03
2015,10,110.7019271850586,0.02,0.11,0.26,0.64,0.93,1.39,1.76,2.07,2.5,2.89
2015,9,171.93267822265625,0.02,0.18,0.37,0.71,1.01,1.49,1.88,2.17,2.62,2.95
2015,8,156.5036163330078,0.07,0.22,0.38,0.7,1.03,1.54,1.91,2.17,2.55,2.86
2015,7,98.73478698730467,0.03,0.12,0.3,0.67,1.03,1.63,2.04,2.32,2.77,3.07
2015,6,115.88028717041016,0.02,0.09,0.28,0.69,1.07,1.68,2.1,2.36,2.85,3.11
2015,5,102.31870269775392,0.02,0.08,0.24,0.61,0.98,1.54,1.93,2.2,2.69,2.96
2015,4,103.54495239257812,0.02,0.09,0.23,0.54,0.87,1.35,1.69,1.94,2.33,2.59
2015,3,95.97896575927734,0.03,0.11,0.25,0.64,1.02,1.52,1.84,2.04,2.41,2.63
2015,2,87.60946655273438,0.02,0.07,0.22,0.62,0.99,1.47,1.79,1.98,2.34,2.57
2015,1,120.54422760009766,0.03,0.08,0.2,0.55,0.9,1.37,1.67,1.88,2.2,2.46
2014,12,87.41532135009764,0.03,0.11,0.21,0.64,1.06,1.64,1.98,2.21,2.55,2.83
2014,11,93.18595123291016,0.02,0.07,0.13,0.53,0.96,1.62,2.03,2.33,2.76,3.04
2014,10,113.33457946777344,0.02,0.05,0.1,0.45,0.88,1.55,1.98,2.3,2.77,3.04
2014,9,86.21659088134764,0.02,0.04,0.11,0.57,1.05,1.77,2.22,2.53,3.01,3.26
2014,8,63.87733459472656,0.03,0.05,0.11,0.47,0.93,1.63,2.08,2.42,2.94,3.2
2014,7,78.5060043334961,0.03,0.06,0.11,0.51,0.97,1.7,2.17,2.54,3.07,3.33
2014,6,85.96846771240233,0.04,0.06,0.1,0.45,0.9,1.68,2.19,2.6,3.15,3.42
2014,5,102.01504516601562,0.03,0.05,0.1,0.39,0.83,1.59,2.12,2.56,3.12,3.39
2014,4,96.9934310913086,0.03,0.05,0.11,0.42,0.88,1.7,2.27,2.71,3.27,3.52
2014,3,101.01873016357422,0.05,0.08,0.13,0.4,0.82,1.64,2.23,2.72,3.35,3.62
2014,2,93.3692855834961,0.05,0.08,0.12,0.33,0.69,1.52,2.15,2.71,3.38,3.66
2014,1,107.70513916015624,0.04,0.07,0.12,0.39,0.78,1.65,2.29,2.86,3.52,3.77
2013,12,115.02074432373048,0.07,0.1,0.13,0.34,0.69,1.58,2.29,2.9,3.63,3.89
2013,11,89.91516876220702,0.07,0.1,0.12,0.3,0.58,1.37,2.07,2.72,3.5,3.8
2013,10,225.3733062744141,0.05,0.08,0.12,0.34,0.63,1.37,1.99,2.62,3.38,3.68
2013,9,179.8897247314453,0.02,0.04,0.12,0.4,0.78,1.6,2.22,2.81,3.53,3.79
2013,8,108.75836944580078,0.04,0.07,0.13,0.36,0.7,1.52,2.15,2.74,3.49,3.76
2013,7,91.43748474121091,0.04,0.07,0.12,0.34,0.64,1.4,1.99,2.58,3.31,3.61
2013,6,126.6258544921875,0.05,0.09,0.14,0.33,0.58,1.2,1.71,2.3,3.07,3.4
2013,5,109.02803802490234,0.04,0.08,0.12,0.25,0.4,0.84,1.31,1.93,2.73,3.11
2013,4,135.44058227539062,0.06,0.09,0.12,0.23,0.34,0.71,1.15,1.76,2.55,2.93
2013,3,146.1158447265625,0.09,0.11,0.15,0.26,0.39,0.82,1.32,1.96,2.78,3.16
2013,2,128.5625,0.1,0.12,0.16,0.27,0.4,0.85,1.35,1.98,2.78,3.17
2013,1,199.35894775390625,0.07,0.11,0.15,0.27,0.39,0.81,1.3,1.91,2.68,3.08
2012,12,214.95195007324216,0.07,0.12,0.16,0.26,0.35,0.7,1.13,1.72,2.47,2.88
2012,11,205.8646697998047,0.09,0.14,0.18,0.27,0.36,0.67,1.08,1.65,2.39,2.8
2012,10,166.12840270996094,0.1,0.15,0.18,0.28,0.37,0.71,1.15,1.75,2.51,2.9
2012,9,182.1071929931641,0.11,0.14,0.18,0.26,0.34,0.67,1.12,1.72,2.49,2.88
2012,8,142.95529174804688,0.1,0.14,0.18,0.27,0.37,0.71,1.14,1.68,2.4,2.77
2012,7,180.8035430908203,0.1,0.15,0.19,0.25,0.33,0.62,0.98,1.53,2.22,2.59
2012,6,197.46096801757807,0.09,0.15,0.19,0.29,0.39,0.71,1.08,1.62,2.31,2.7
2012,5,135.8798370361328,0.09,0.15,0.19,0.29,0.39,0.76,1.21,1.8,2.53,2.93
2012,4,96.96967315673827,0.08,0.14,0.18,0.29,0.43,0.89,1.43,2.05,2.82,3.18
2012,3,98.74810791015624,0.08,0.14,0.19,0.34,0.51,1.02,1.56,2.17,2.94,3.28
2012,2,119.43543243408205,0.09,0.12,0.16,0.28,0.38,0.83,1.37,1.97,2.75,3.11
2012,1,154.41802978515625,0.03,0.07,0.12,0.24,0.36,0.84,1.38,1.97,2.7,3.03
2011,12,183.088623046875,0.01,0.05,0.12,0.26,0.39,0.89,1.43,1.98,2.67,2.98
2011,11,143.7145538330078,0.01,0.05,0.11,0.25,0.39,0.91,1.45,2.01,2.72,3.02
2011,10,137.83924865722656,0.02,0.05,0.11,0.28,0.47,1.06,1.62,2.15,2.87,3.13
2011,9,214.4261016845703,0.01,0.04,0.1,0.21,0.35,0.9,1.42,1.98,2.83,3.18
2011,8,283.66558837890625,0.02,0.06,0.11,0.23,0.38,1.02,1.63,2.3,3.24,3.65
2011,7,207.16030883789065,0.04,0.08,0.19,0.41,0.68,1.54,2.28,3.0,3.95,4.27
2011,6,139.03790283203125,0.04,0.1,0.18,0.41,0.71,1.58,2.29,3.0,3.91,4.23
2011,5,84.54916381835938,0.04,0.09,0.19,0.56,0.94,1.84,2.51,3.17,4.01,4.29
2011,4,124.84658050537108,0.06,0.12,0.25,0.73,1.21,2.17,2.84,3.46,4.28,4.5
2011,3,153.8417205810547,0.1,0.16,0.26,0.7,1.17,2.11,2.8,3.41,4.27,4.51
2011,2,104.56236267089844,0.13,0.17,0.29,0.77,1.28,2.26,2.96,3.58,4.42,4.65
2011,1,111.49281311035156,0.15,0.18,0.27,0.61,1.03,1.99,2.72,3.39,4.28,4.52
2010,12,151.5533447265625,0.14,0.19,0.29,0.62,0.99,1.93,2.66,3.29,4.17,4.42
2010,11,175.0442657470703,0.14,0.18,0.25,0.45,0.67,1.35,2.02,2.76,3.82,4.19
2010,10,154.76275634765625,0.13,0.18,0.23,0.38,0.57,1.18,1.85,2.54,3.52,3.87
2010,9,186.74122619628903,0.15,0.19,0.26,0.48,0.74,1.41,2.05,2.65,3.47,3.77
2010,8,127.22817230224608,0.16,0.19,0.26,0.52,0.78,1.47,2.1,2.7,3.52,3.8
2010,7,196.94723510742188,0.16,0.2,0.29,0.62,0.98,1.76,2.43,3.01,3.8,3.99
2010,6,129.73219299316406,0.12,0.19,0.32,0.72,1.17,2.0,2.66,3.2,3.95,4.13
2010,5,147.76324462890625,0.16,0.22,0.37,0.83,1.32,2.18,2.86,3.42,4.11,4.29
2010,4,123.70220184326172,0.16,0.24,0.45,1.06,1.64,2.58,3.28,3.85,4.53,4.69
2010,3,124.6875,0.15,0.23,0.4,0.96,1.51,2.43,3.16,3.73,4.49,4.64
2010,2,116.72154998779295,0.11,0.18,0.35,0.86,1.4,2.36,3.12,3.69,4.48,4.62
2010,1,136.86386108398438,0.06,0.15,0.35,0.93,1.49,2.48,3.21,3.73,4.5,4.6
2009,12,108.39609527587892,0.05,0.17,0.37,0.87,1.38,2.34,3.07,3.59,4.4,4.49
2009,11,99.77926635742189,0.05,0.15,0.31,0.8,1.32,2.23,2.92,3.4,4.24,4.31
2009,10,86.24175262451173,0.07,0.16,0.37,0.95,1.46,2.33,2.96,3.39,4.16,4.19
2009,9,99.00963592529298,0.12,0.21,0.4,0.96,1.48,2.37,3.02,3.4,4.14,4.19
2009,8,111.1743392944336,0.17,0.27,0.46,1.12,1.65,2.57,3.21,3.59,4.33,4.37
2009,7,104.35511016845705,0.18,0.28,0.48,1.02,1.55,2.46,3.14,3.56,4.38,4.41
2009,6,112.47264099121094,0.18,0.31,0.51,1.18,1.76,2.71,3.37,3.72,4.51,4.52
2009,5,125.9446258544922,0.18,0.3,0.5,0.93,1.39,2.13,2.81,3.29,4.22,4.23
2009,4,107.92725372314452,0.16,0.35,0.55,0.93,1.32,1.86,2.47,2.93,3.84,3.76
2009,3,167.99122619628906,0.22,0.43,0.64,0.93,1.31,1.82,2.42,2.82,3.78,3.64
2009,2,202.54795837402344,0.3,0.46,0.62,0.98,1.37,1.87,2.3,2.87,3.83,3.59
2009,1,184.8178253173828,0.13,0.3,0.44,0.81,1.13,1.6,1.98,2.52,3.46,3.13
2008,12,157.82867431640625,0.03,0.26,0.49,0.82,1.07,1.52,1.89,2.42,3.18,2.87
2008,11,162.71337890625,0.19,0.74,1.07,1.21,1.51,2.29,2.82,3.53,4.27,4.0
2008,10,241.77227783203125,0.69,1.23,1.42,1.61,1.86,2.73,3.19,3.81,4.45,4.17
2008,9,238.171875,1.15,1.64,1.91,2.08,2.32,2.88,3.25,3.69,4.32,4.27
2008,8,81.1630859375,1.75,1.97,2.18,2.42,2.7,3.14,3.46,3.89,4.53,4.5
2008,7,115.10272216796876,1.66,1.98,2.28,2.57,2.87,3.3,3.6,4.01,4.62,4.57
2008,6,89.13687896728516,1.89,2.19,2.42,2.77,3.08,3.49,3.73,4.1,4.74,4.69
2008,5,88.67343139648438,1.76,1.86,2.06,2.45,2.69,3.15,3.46,3.88,4.6,4.6
2008,4,98.1977081298828,1.31,1.58,1.74,2.05,2.23,2.84,3.19,3.68,4.44,4.44
2008,3,114.47457122802734,1.28,1.51,1.54,1.62,1.8,2.48,2.93,3.51,4.36,4.39
2008,2,108.31473541259766,2.17,2.1,2.05,1.97,2.19,2.78,3.21,3.74,4.49,4.52
2008,1,177.04220581054688,2.82,2.84,2.71,2.48,2.51,2.98,3.31,3.74,4.35,4.33
2007,12,116.99089813232422,3.07,3.34,3.26,3.12,3.13,3.49,3.74,4.1,4.57,4.53
2007,11,106.566162109375,3.35,3.58,3.5,3.34,3.35,3.67,3.87,4.15,4.56,4.52
2007,10,90.64006805419922,4.0,4.16,4.1,3.97,4.01,4.2,4.33,4.53,4.83,4.77
2007,9,109.89265441894533,3.99,4.2,4.14,4.01,4.06,4.2,4.33,4.52,4.84,4.79
2007,8,90.00729370117188,4.32,4.55,4.47,4.31,4.34,4.43,4.53,4.67,5.0,4.93
2007,7,44.782752990722656,4.96,5.04,4.96,4.82,4.82,4.88,4.93,5.0,5.19,5.11
2007,6,68.75923919677734,4.74,4.95,4.96,4.98,5.0,5.03,5.05,5.1,5.29,5.2
2007,5,71.13732147216797,4.87,4.98,4.91,4.77,4.69,4.67,4.69,4.75,4.98,4.9
2007,4,59.84138870239258,5.01,5.07,4.93,4.67,4.6,4.59,4.62,4.69,4.95,4.87
2007,3,72.52986145019531,5.08,5.1,4.92,4.57,4.51,4.48,4.5,4.56,4.81,4.72
2007,2,50.86001968383789,5.16,5.16,5.05,4.85,4.75,4.71,4.71,4.72,4.93,4.82
2007,1,74.51002502441406,5.11,5.15,5.06,4.88,4.79,4.75,4.75,4.76,4.95,4.85
2006,12,51.039039611816406,4.97,5.07,4.94,4.67,4.58,4.53,4.54,4.56,4.78,4.68
2006,11,49.59912872314453,5.07,5.15,5.01,4.74,4.64,4.58,4.58,4.6,4.78,4.69
2006,10,55.62950897216797,5.05,5.12,5.01,4.8,4.72,4.69,4.69,4.73,4.94,4.85
2006,9,61.751346588134766,4.93,5.08,4.97,4.77,4.69,4.67,4.68,4.72,4.93,4.85
2006,8,71.51509857177734,5.09,5.17,5.08,4.9,4.85,4.82,4.83,4.88,5.08,5.0
2006,7,84.47445678710938,5.08,5.27,5.22,5.12,5.07,5.04,5.05,5.09,5.25,5.13
2006,6,82.5862808227539,4.92,5.17,5.16,5.12,5.09,5.07,5.08,5.11,5.29,5.15
2006,5,67.8097915649414,4.84,5.01,5.0,4.97,4.97,5.0,5.03,5.11,5.35,5.2
2006,4,81.65171813964845,4.72,4.9,4.9,4.89,4.89,4.9,4.94,4.99,5.22,5.06
2006,3,55.00807571411133,4.63,4.79,4.77,4.73,4.74,4.72,4.71,4.72,4.91,4.73
2006,2,69.49174499511719,4.54,4.69,4.68,4.67,4.64,4.57,4.56,4.57,4.73,4.57
2006,1,75.07923889160156,4.34,4.47,4.45,4.4,4.35,4.35,4.37,4.42,4.65,4.57
2005,12,70.0267562866211,3.97,4.33,4.35,4.4,4.39,4.39,4.41,4.47,4.73,4.62
2005,11,60.06785202026367,3.97,4.3,4.33,4.42,4.43,4.45,4.48,4.54,4.83,4.7
2005,10,79.82999420166014,3.79,4.13,4.18,4.27,4.29,4.33,4.38,4.46,4.74,4.64
2005,9,105.76985931396484,3.49,3.79,3.85,3.95,3.96,4.01,4.08,4.2,4.51,4.45
2005,8,59.617233276367195,3.52,3.78,3.87,4.04,4.08,4.12,4.18,4.26,4.53,4.44
2005,7,71.93954467773438,3.29,3.53,3.64,3.87,3.91,3.98,4.06,4.18,4.48,4.38
2005,6,82.00558471679686,3.04,3.22,3.36,3.64,3.69,3.77,3.86,4.0,4.35,4.28
2005,5,75.09077453613281,2.9,3.17,3.33,3.64,3.72,3.85,3.94,4.14,4.56,4.49
2005,4,78.39586639404298,2.84,3.14,3.32,3.65,3.79,4.0,4.16,4.34,4.75,4.65
2005,3,49.30863571166992,2.8,3.09,3.3,3.73,3.91,4.17,4.33,4.5,4.89,4.77
2005,2,51.69568634033203,2.58,2.85,3.03,3.38,3.54,3.77,3.97,4.17,4.61,4.56
2005,1,66.73433685302734,2.37,2.68,2.86,3.22,3.39,3.71,3.97,4.22,4.77,4.77
2004,12,66.53287506103516,2.22,2.5,2.67,3.01,3.21,3.6,3.93,4.23,4.88,4.91
2004,11,96.69577026367188,2.11,2.32,2.5,2.85,3.09,3.53,3.88,4.19,4.89,4.95
2004,10,118.34144592285156,1.79,2.05,2.23,2.58,2.85,3.35,3.75,4.1,4.85,4.94
2004,9,108.50958251953124,1.68,1.91,2.12,2.53,2.83,3.36,3.75,4.13,4.89,4.98
2004,8,84.44986724853516,1.5,1.76,2.02,2.51,2.88,3.47,3.9,4.28,5.07,5.15
2004,7,88.95649719238281,1.36,1.7,2.1,2.64,3.05,3.69,4.11,4.5,5.24,5.31
2004,6,85.27448272705078,1.29,1.64,2.12,2.76,3.26,3.93,4.35,4.73,5.45,5.48
2004,5,97.2080307006836,1.04,1.33,1.78,2.53,3.1,3.85,4.31,4.72,5.46,5.51
2004,4,79.72691345214845,0.96,1.11,1.43,2.07,2.57,3.39,3.89,4.35,5.16,5.28
2004,3,84.33090209960938,0.95,1.01,1.19,1.58,2.0,2.79,3.31,3.83,4.72,4.9
2004,2,88.90148162841797,0.94,1.01,1.24,1.74,2.25,3.07,3.59,4.08,4.94,5.08
2004,1,88.277587890625,0.9,0.99,1.24,1.76,2.27,3.12,3.65,4.15,5.01,5.13
2003,12,90.34359741210936,0.91,1.01,1.31,1.91,2.44,3.27,3.79,4.27,5.11,5.21
2003,11,78.69609069824217,0.95,1.04,1.34,1.93,2.45,3.29,3.81,4.3,5.17,5.25
2003,10,78.5859832763672,0.94,1.02,1.25,1.75,2.26,3.19,3.75,4.29,5.21,5.3
2003,9,109.553955078125,0.96,1.03,1.24,1.71,2.23,3.18,3.74,4.27,5.21,5.28
2003,8,91.71417236328124,0.97,1.05,1.31,1.86,2.44,3.37,3.96,4.45,5.39,5.45
2003,7,103.7482452392578,0.92,0.97,1.12,1.47,1.93,2.87,3.45,3.98,4.92,5.13
2003,6,110.69554901123048,0.94,0.94,1.01,1.23,1.51,2.27,2.84,3.33,4.34,4.62
2003,5,122.30982208251952,1.09,1.11,1.18,1.42,1.75,2.52,3.07,3.57,4.52,4.76
2003,4,176.57984924316406,1.15,1.17,1.27,1.62,2.06,2.93,3.47,3.96,4.91,5.13
2003,3,224.64720153808597,1.15,1.16,1.24,1.57,1.98,2.78,3.34,3.81,4.82,5.03
2003,2,161.759765625,1.19,1.2,1.3,1.63,2.05,2.9,3.45,3.9,4.87,5.02
2003,1,185.59161376953125,1.19,1.22,1.36,1.74,2.18,3.05,3.6,4.05,5.02,5.14
2002,12,160.4113311767578,1.21,1.27,1.45,1.84,2.23,3.03,3.63,4.03,5.01,5.13
2002,11,162.22140502929688,1.25,1.3,1.49,1.92,2.32,3.05,3.64,4.05,5.04,5.18
2002,10,128.97361755371094,1.61,1.59,1.65,1.91,2.25,2.95,3.54,3.94,5.0,5.18
2002,9,149.8481903076172,1.66,1.64,1.72,2.0,2.32,2.94,3.5,3.87,4.87,4.96
2002,8,136.1190643310547,1.65,1.64,1.76,2.13,2.52,3.29,3.88,4.26,5.19,5.28
2002,7,139.6611328125,1.71,1.74,1.96,2.56,3.01,3.81,4.3,4.65,5.51,5.59
2002,6,111.1499481201172,1.73,1.83,2.2,2.99,3.49,4.19,4.6,4.93,5.65,5.68
2002,5,98.64002990722656,1.76,1.91,2.35,3.26,3.8,4.49,4.9,5.16,5.81,5.76
2002,4,106.16464996337892,1.75,1.98,2.48,3.42,4.01,4.65,5.02,5.21,5.85,5.79
2002,3,97.51299285888673,1.83,2.06,2.57,3.56,4.14,4.74,5.14,5.28,5.93,5.81
2002,2,104.60943603515624,1.76,1.86,2.23,3.02,3.55,4.3,4.71,4.91,5.61,5.45
2002,1,148.44973754882812,1.68,1.77,2.16,3.03,3.56,4.34,4.79,5.04,5.69,5.45
2001,12,149.7089385986328,1.72,1.82,2.22,3.11,3.62,4.39,4.86,5.09,5.76,5.48
2001,11,172.48883056640625,1.91,1.92,2.18,2.78,3.22,3.97,4.42,4.65,5.33,5.12
2001,10,247.29428100585935,2.2,2.17,2.33,2.73,3.14,3.91,4.31,4.57,5.34,5.32
2001,9,272.7644958496094,2.69,2.71,2.82,3.12,3.45,4.12,4.51,4.73,5.53,5.48
2001,8,95.39997100830078,3.44,3.39,3.47,3.76,4.04,4.57,4.84,4.97,5.58,5.48
2001,7,120.29459381103516,3.59,3.56,3.62,4.04,4.31,4.76,5.06,5.24,5.75,5.61
2001,6,93.46123504638673,3.57,3.56,3.58,4.08,4.35,4.81,5.14,5.28,5.82,5.67
2001,5,117.4362564086914,3.7,3.74,3.78,4.26,4.51,4.93,5.24,5.39,5.92,5.78
2001,4,148.7580108642578,3.97,3.99,3.98,4.23,4.42,4.76,5.03,5.14,5.78,5.65
2001,3,137.37417602539062,4.54,4.44,4.3,4.34,4.43,4.64,4.88,4.89,5.49,5.34
2001,2,128.62564086914062,5.01,4.89,4.68,4.66,4.71,4.89,5.1,5.1,5.62,5.45
2001,1,142.61412048339844,5.29,5.15,4.81,4.76,4.77,4.86,5.13,5.16,5.65,5.54
2000,12,149.44851684570312,5.94,5.92,5.6,5.35,5.26,5.17,5.28,5.24,5.64,5.49
2000,11,166.18405151367188,6.36,6.34,6.09,5.88,5.79,5.7,5.78,5.72,5.98,5.78
2000,10,89.9134521484375,6.29,6.32,6.01,5.91,5.85,5.78,5.84,5.74,6.04,5.8
2000,9,73.55099487304686,6.18,6.25,6.13,6.08,6.02,5.93,5.98,5.8,6.09,5.83
2000,8,58.90645980834961,6.28,6.35,6.18,6.23,6.17,6.06,6.05,5.83,6.02,5.72
2000,7,86.65835571289062,6.14,6.27,6.08,6.34,6.28,6.18,6.22,6.05,6.2,5.85
2000,6,109.584228515625,5.86,6.24,6.17,6.48,6.43,6.3,6.33,6.1,6.28,5.93
2000,5,118.14321136474608,5.99,6.39,6.33,6.81,6.77,6.69,6.69,6.44,6.55,6.15
2000,4,70.59974670410156,5.82,6.07,6.15,6.4,6.36,6.26,6.27,5.99,6.18,5.85
2000,3,73.29862213134764,5.86,6.11,6.22,6.53,6.53,6.5,6.51,6.26,6.38,6.05
2000,2,73.36519622802734,5.73,6.0,6.22,6.61,6.65,6.68,6.72,6.52,6.54,6.23
2000,1,88.98869323730467,5.5,5.76,6.12,6.44,6.49,6.58,6.7,6.66,6.86,6.63
1999,12,79.32242584228516,5.36,5.68,5.84,6.1,6.14,6.19,6.38,6.28,6.69,6.35
1999,11,76.31718444824217,5.23,5.43,5.55,5.86,5.92,5.97,6.17,6.03,6.48,6.15
1999,10,65.33708190917969,5.02,5.2,5.43,5.86,5.94,6.03,6.33,6.11,6.66,6.26
1999,9,77.49834442138672,4.82,5.08,5.25,5.66,5.75,5.8,6.12,5.92,6.5,6.07
1999,8,77.02532958984375,4.87,5.09,5.2,5.68,5.77,5.84,6.15,5.94,6.43,6.07
1999,7,86.52993774414062,4.69,4.75,5.03,5.55,5.62,5.68,5.94,5.79,6.28,5.98
1999,6,74.92562866210938,4.72,5.03,5.1,5.62,5.7,5.81,6.05,5.9,6.36,6.04
1999,5,64.77645874023438,4.63,4.75,4.85,5.25,5.33,5.44,5.64,5.54,6.08,5.81
1999,4,69.78789520263672,4.41,4.54,4.69,4.98,5.03,5.08,5.28,5.18,5.82,5.55
1999,3,67.02757263183594,4.57,4.65,4.78,5.05,5.11,5.14,5.36,5.23,5.87,5.58
1999,2,94.99628448486328,4.56,4.61,4.7,4.88,4.9,4.91,5.1,5.0,5.66,5.37
1999,1,123.32284545898438,4.45,4.49,4.51,4.62,4.61,4.6,4.8,4.72,5.45,5.16
1998,12,110.89498138427734,4.5,4.57,4.52,4.51,4.48,4.45,4.65,4.65,5.36,5.06
1998,11,113.50474548339844,4.53,4.59,4.53,4.54,4.57,4.54,4.78,4.83,5.48,5.25
1998,10,145.0232391357422,4.07,4.2,4.12,4.09,4.18,4.18,4.46,4.53,5.3,5.01
1998,9,169.0372772216797,4.74,4.81,4.71,4.67,4.62,4.62,4.76,4.81,5.38,5.2
1998,8,130.467041015625,5.04,5.15,5.21,5.27,5.24,5.27,5.36,5.34,5.66,5.54
1998,7,101.41851806640624,5.09,5.23,5.36,5.46,5.47,5.46,5.52,5.46,5.78,5.68
1998,6,80.88773345947266,5.12,5.32,5.41,5.52,5.52,5.52,5.56,5.5,5.8,5.7
1998,5,80.12715148925781,5.14,5.36,5.44,5.59,5.61,5.63,5.72,5.65,6.01,5.93
1998,4,74.45728302001953,5.08,5.26,5.38,5.56,5.58,5.61,5.7,5.64,6.0,5.92
1998,3,83.34761810302734,5.16,5.25,5.39,5.56,5.57,5.61,5.71,5.65,6.01,5.95
1998,2,101.14946746826172,5.23,5.27,5.31,5.42,5.43,5.49,5.6,5.57,5.96,5.89
1998,1,107.95375823974608,5.18,5.23,5.24,5.36,5.38,5.42,5.53,5.54,5.88,5.81
1997,12,103.69952392578124,5.3,5.45,5.53,5.72,5.74,5.77,5.83,5.81,6.07,5.99
1997,11,85.98280334472656,5.28,5.38,5.46,5.71,5.76,5.8,5.9,5.88,6.2,6.11
1997,10,92.92955780029298,5.11,5.3,5.46,5.77,5.84,5.93,6.05,6.03,6.38,6.33
1997,9,54.41430282592773,5.08,5.3,5.52,5.88,5.98,6.11,6.2,6.21,6.56,6.5
1997,8,58.91501998901367,5.28,5.4,5.56,5.94,6.06,6.16,6.29,6.3,6.65,6.58
1997,7,76.7061996459961,5.19,5.33,5.54,5.89,6.0,6.12,6.2,6.22,6.56,6.51
1997,6,84.47803497314453,5.07,5.34,5.69,6.09,6.24,6.38,6.46,6.49,6.84,6.77
1997,5,75.86949920654298,5.2,5.53,5.87,6.28,6.42,6.57,6.66,6.71,7.02,6.94
1997,4,71.10443115234375,5.3,5.6,5.99,6.45,6.61,6.76,6.86,6.89,7.2,7.09
1997,3,70.45269012451172,5.28,5.48,5.8,6.22,6.38,6.54,6.65,6.69,7.05,6.93
1997,2,92.0861358642578,5.14,5.27,5.53,5.9,6.03,6.2,6.32,6.42,6.77,6.69
1997,1,75.44551086425781,5.17,5.31,5.61,6.01,6.16,6.33,6.47,6.58,6.91,6.83
1996,12,67.17334747314453,5.04,5.24,5.47,5.78,5.91,6.07,6.2,6.3,6.65,6.55
1996,11,74.3711929321289,5.17,5.27,5.42,5.7,5.82,5.97,6.1,6.2,6.58,6.48
1996,10,55.67024612426758,5.12,5.32,5.55,5.91,6.08,6.27,6.42,6.53,6.9,6.81
1996,9,78.98076629638672,5.24,5.45,5.83,6.23,6.41,6.6,6.73,6.83,7.17,7.03
1996,8,88.64742279052734,5.19,5.34,5.67,6.03,6.21,6.39,6.52,6.64,6.97,6.84
1996,7,69.69367218017578,5.3,5.52,5.85,6.27,6.45,6.64,6.76,6.87,7.14,7.03
1996,6,82.24293518066406,5.23,5.46,5.81,6.3,6.49,6.69,6.83,6.91,7.22,7.06
1996,5,62.10961151123047,5.15,5.33,5.64,6.1,6.27,6.48,6.66,6.74,7.11,6.93
1996,4,70.88105773925781,5.09,5.27,5.54,5.96,6.11,6.3,6.48,6.51,6.98,6.79
1996,3,76.63046264648438,5.1,5.16,5.34,5.66,5.79,5.97,6.19,6.27,6.74,6.6
1996,2,82.02139282226561,4.96,4.97,4.94,5.03,5.14,5.38,5.64,5.81,6.3,6.24
1996,1,101.57822418212892,5.15,5.13,5.09,5.11,5.2,5.36,5.54,5.65,6.11,6.05
1995,12,90.67060089111328,5.29,5.35,5.31,5.32,5.39,5.51,5.63,5.71,6.12,6.06
1995,11,101.20011901855467,5.52,5.51,5.43,5.48,5.57,5.69,5.83,5.93,6.33,6.26
1995,10,79.905517578125,5.44,5.56,5.59,5.7,5.77,5.86,5.97,6.04,6.45,6.37
1995,9,70.38091278076172,5.43,5.54,5.62,5.81,5.89,6.0,6.13,6.2,6.65,6.55
1995,8,55.88801193237305,5.57,5.65,5.75,5.98,6.1,6.24,6.41,6.49,6.92,6.86
1995,7,81.65293884277344,5.59,5.62,5.59,5.78,5.89,6.01,6.2,6.28,6.74,6.72
1995,6,75.8233871459961,5.64,5.66,5.64,5.72,5.8,5.93,6.05,6.17,6.59,6.57
1995,5,67.30165100097656,5.85,5.93,6.0,6.17,6.27,6.41,6.5,6.63,7.01,6.95
1995,4,65.99556732177734,5.84,6.05,6.27,6.57,6.68,6.86,6.95,7.06,7.45,7.36
1995,3,86.48616790771484,5.91,6.17,6.43,6.78,6.89,7.05,7.14,7.2,7.57,7.45
1995,2,100.51555633544922,5.94,6.31,6.7,7.11,7.25,7.37,7.44,7.47,7.73,7.61
1995,1,122.4063720703125,5.9,6.51,7.05,7.51,7.66,7.76,7.79,7.78,7.97,7.85
1994,12,94.76318359375,5.76,6.5,7.14,7.59,7.71,7.78,7.8,7.81,7.99,7.87
1994,11,94.6872787475586,5.45,5.98,6.54,7.15,7.44,7.72,7.83,7.96,8.2,8.08
1994,10,61.68622589111328,5.1,5.62,6.11,6.73,7.04,7.4,7.58,7.74,8.08,7.94
1994,9,85.29350280761719,4.75,5.24,5.76,6.39,6.69,7.08,7.28,7.46,7.87,7.71
1994,8,88.99729919433594,4.61,5.08,5.56,6.18,6.5,6.88,7.06,7.24,7.62,7.49
1994,7,75.43205261230467,4.46,4.95,5.48,6.13,6.48,6.91,7.12,7.3,7.67,7.58
1994,6,87.4688949584961,4.25,4.72,5.27,5.93,6.27,6.7,6.91,7.1,7.51,7.4
1994,5,94.5038833618164,4.27,4.79,5.31,5.97,6.34,6.78,7.01,7.18,7.54,7.41
1994,4,106.3544464111328,3.78,4.25,4.82,5.55,5.99,6.52,6.8,6.97,7.4,7.27
1994,3,83.2268829345703,3.59,3.91,4.32,5.0,5.4,5.94,6.28,6.48,7.0,6.91
1994,2,96.1456527709961,3.33,3.53,3.87,4.47,4.83,5.4,5.72,5.97,6.57,6.49
1994,1,82.2928009033203,3.04,3.25,3.54,4.14,4.48,5.09,5.43,5.75,6.39,6.29
1993,12,77.27201843261719,3.13,3.34,3.61,4.21,4.54,5.15,5.48,5.77,6.4,6.25
1993,11,89.25749969482422,3.18,3.36,3.58,4.16,4.5,5.06,5.45,5.72,6.38,6.21
1993,10,78.82251739501953,3.09,3.22,3.39,3.87,4.18,4.71,5.05,5.33,6.07,5.94
1993,9,116.0272979736328,3.01,3.15,3.36,3.85,4.17,4.73,5.08,5.36,,6.0
1993,8,115.576171875,3.09,3.24,3.44,4.0,4.36,5.03,5.35,5.68,,6.32
1993,7,106.50299072265624,3.11,3.26,3.47,4.07,4.43,5.09,5.48,5.81,,6.63
1993,6,120.68006134033205,3.14,3.29,3.54,4.16,4.53,5.22,5.61,5.96,,6.81
1993,5,133.50575256347656,3.03,3.17,3.36,3.98,4.4,5.2,5.66,6.04,,6.92
1993,4,89.651123046875,2.93,3.06,3.24,3.84,4.3,5.13,5.59,5.97,,6.85
1993,3,109.79681396484376,3.01,3.15,3.33,3.95,4.4,5.19,5.66,5.98,,6.82
1993,2,106.9761199951172,2.99,3.16,3.39,4.1,4.58,5.43,5.87,6.26,,7.09
1993,1,83.46498107910156,3.07,3.24,3.5,4.39,4.93,5.83,6.26,6.6,,7.34
1992,12,87.8720932006836,3.29,3.47,3.71,4.67,5.21,6.08,6.46,6.77,,7.44
1992,11,108.15007019042967,3.21,3.44,3.68,4.58,5.14,6.04,6.49,6.87,,7.61
1992,10,161.2542266845703,2.93,3.13,3.3,4.08,4.64,5.6,6.15,6.59,,7.53
1992,9,141.4432373046875,2.97,3.04,3.18,3.89,4.42,5.38,5.96,6.42,,7.34
1992,8,122.40711975097656,3.2,3.31,3.47,4.19,4.72,5.6,6.12,6.59,,7.39
1992,7,119.61318206787108,3.28,3.38,3.6,4.36,4.91,5.84,6.36,6.84,,7.6
1992,6,122.2935028076172,3.75,3.9,4.17,5.05,5.6,6.48,6.9,7.26,,7.84
1992,5,78.68047332763672,3.72,3.88,4.19,5.23,5.81,6.69,7.06,7.39,,7.89
1992,4,89.85423278808595,3.84,4.0,4.3,5.34,5.93,6.78,7.15,7.48,,7.96
1992,3,96.82842254638673,4.14,4.33,4.63,5.69,6.18,6.95,7.26,7.54,,7.97
1992,2,154.596923828125,3.95,4.08,4.29,5.21,5.72,6.58,6.96,7.34,,7.85
1992,1,116.36485290527344,3.91,4.01,4.15,4.96,5.4,6.24,6.7,7.03,,7.58
1991,12,171.01097106933594,4.18,4.26,4.38,5.03,5.39,6.19,6.69,7.09,,7.7
1991,11,140.61236572265625,4.69,4.8,4.89,5.56,5.9,6.62,7.06,7.42,,7.92
1991,10,108.12096405029295,5.14,5.26,5.33,5.91,6.23,6.87,7.25,7.53,,7.93
1991,9,127.29444122314452,5.37,5.48,5.57,6.18,6.5,7.14,7.48,7.65,,7.95
1991,8,99.12208557128906,5.5,5.63,5.78,6.43,6.8,7.43,7.74,7.9,,8.14
1991,7,80.64899444580078,5.75,5.97,6.31,6.92,7.38,7.91,8.15,8.27,,8.45
1991,6,85.91903686523438,5.75,6.02,6.36,6.96,7.39,7.94,8.17,8.28,,8.47
1991,5,82.1478271484375,5.63,5.87,6.13,6.78,7.12,7.7,7.94,8.07,,8.27
1991,4,93.01464080810547,5.83,5.98,6.24,6.95,7.23,7.7,7.92,8.04,,8.21
1991,3,107.93748474121094,6.09,6.2,6.4,7.1,7.35,7.77,8.0,8.11,,8.29
1991,2,106.51805877685548,6.12,6.19,6.27,6.87,7.08,7.47,7.73,7.85,,8.03
1991,1,204.01054382324216,6.41,6.58,6.64,7.13,7.38,7.7,7.97,8.09,,8.27
1990,12,134.06153869628906,6.95,7.03,7.05,7.31,7.47,7.73,8.0,8.08,,8.24
1990,11,152.4486083984375,7.29,7.39,7.31,7.6,7.74,8.02,8.28,8.39,,8.54
1990,10,137.6742401123047,7.4,7.53,7.55,7.88,8.07,8.33,8.59,8.72,,8.86
1990,9,165.93844604492188,7.6,7.7,7.76,8.08,8.27,8.51,8.79,8.89,,9.03
1990,8,139.32269287109375,7.69,7.77,7.78,8.06,8.22,8.44,8.64,8.75,,8.86
1990,7,86.2801742553711,7.87,7.92,7.94,8.16,8.26,8.33,8.46,8.47,,8.5
1990,6,100.86434173583984,7.99,8.05,8.1,8.35,8.4,8.43,8.52,8.48,,8.46
1990,5,97.38793182373048,8.01,8.19,8.32,8.64,8.69,8.74,8.78,8.76,,8.73
1990,4,88.44817352294923,8.04,8.27,8.4,8.72,8.78,8.77,8.81,8.79,,8.76
1990,3,104.46141052246094,8.17,8.28,8.35,8.63,8.63,8.6,8.65,8.59,,8.56
1990,2,110.44627380371094,8.0,8.12,8.11,8.37,8.39,8.42,8.48,8.47,,8.5
1990,1,92.32149505615233,7.9,7.96,7.92,8.09,8.13,8.12,8.2,8.21,,8.26
1989,12,103.79668426513672,7.88,7.81,7.72,7.78,7.77,7.75,7.85,7.84,,7.9
1989,11,105.0474853515625,7.94,7.89,7.77,7.8,7.8,7.81,7.86,7.87,,7.9
1989,10,76.44955444335938,7.9,8.03,7.99,7.98,8.02,7.97,8.03,8.01,,8.0
1989,9,74.69548034667967,8.01,8.16,8.22,8.28,8.26,8.17,8.23,8.19,,8.15
1989,8,83.10930633544923,8.17,8.17,8.18,8.14,8.13,8.09,8.11,8.11,,8.12
1989,7,78.256591796875,8.15,8.01,7.89,7.82,7.83,7.83,7.94,8.02,,8.08
1989,6,95.78630828857422,8.43,8.38,8.44,8.41,8.37,8.29,8.31,8.28,,8.27
1989,5,83.75286865234375,8.74,8.91,8.98,9.02,8.98,8.91,8.88,8.86,,8.83
1989,4,92.37982940673827,8.96,9.17,9.36,9.45,9.4,9.3,9.24,9.18,,9.03
1989,3,72.52325439453125,9.14,9.39,9.57,9.68,9.61,9.51,9.43,9.36,,9.17
1989,2,51.35064315795898,8.84,9.05,9.25,9.37,9.32,9.27,9.23,9.17,,9.01
1989,1,87.42640686035155,8.56,8.85,9.05,9.18,9.2,9.15,9.14,9.09,,8.93
1988,12,77.8281021118164,8.35,8.7,8.99,9.09,9.11,9.09,9.13,9.11,,9.01
1988,11,102.23400115966795,8.03,8.3,8.48,8.67,8.72,8.79,8.89,8.96,,9.02
1988,10,98.25379943847656,7.6,7.9,8.11,8.35,8.43,8.51,8.69,8.8,,8.89
1988,9,85.3568115234375,7.48,7.82,8.09,8.46,8.57,8.69,8.87,8.98,,9.06
1988,8,94.8896942138672,7.3,7.79,8.17,8.63,8.77,8.94,9.13,9.26,,9.32
1988,7,80.83588409423827,6.95,7.35,7.75,8.28,8.44,8.66,8.91,9.06,,9.14
1988,6,88.28594970703125,6.66,7.04,7.49,8.03,8.22,8.49,8.78,8.92,,9.0
1988,5,99.12745666503906,6.45,6.89,7.4,8.0,8.24,8.58,8.89,9.09,,9.23
1988,4,97.85680389404298,6.08,6.5,7.01,7.59,7.83,8.19,8.52,8.72,,8.95
1988,3,82.35363006591797,5.87,6.18,6.71,7.27,7.5,7.83,8.19,8.37,,8.63
1988,2,102.03289031982422,5.84,6.21,6.64,7.18,7.38,7.71,8.02,8.21,,8.43
1988,1,142.8728485107422,6.0,6.56,6.99,7.63,7.87,8.18,8.48,8.67,,8.83
1987,12,149.01113891601562,5.96,6.68,7.17,7.86,8.13,8.45,8.82,8.99,,9.12
1987,11,183.1025238037109,5.89,6.5,6.96,7.69,7.99,8.35,8.69,8.86,,8.95
1987,10,170.3220672607422,6.35,7.04,7.59,8.4,8.75,9.08,9.37,9.52,,9.61
1987,9,59.86959457397461,6.62,6.99,7.67,8.34,8.67,8.94,9.26,9.42,,9.59
1987,8,52.79015350341797,6.23,6.46,7.03,7.75,8.03,8.32,8.59,8.76,,8.97
1987,7,81.38941192626953,5.88,6.05,6.68,7.44,7.74,8.01,8.27,8.45,,8.64
1987,6,106.57285308837892,5.85,6.28,6.8,7.57,7.82,8.02,8.27,8.4,,8.57
1987,5,87.58505249023438,5.85,6.35,7.0,7.76,8.02,8.26,8.47,8.61,,8.78
1987,4,79.53235626220702,5.82,6.19,6.5,7.02,7.32,7.57,7.83,8.02,,8.25
1987,3,99.05958557128906,5.77,5.86,6.03,6.42,6.58,6.79,7.06,7.25,,7.55
1987,2,76.96607208251953,5.75,5.83,5.96,6.4,6.56,6.79,7.06,7.25,,7.54
1987,1,110.43331909179688,5.58,5.67,5.78,6.23,6.41,6.64,6.92,7.08,,7.39
1986,12,87.97968292236328,5.68,5.78,5.87,6.27,6.43,6.67,6.97,7.11,7.28,7.37
1986,11,98.32894134521484,5.5,5.64,5.8,6.28,6.46,6.76,7.08,7.25,7.42,7.52
1986,10,91.82046508789062,5.32,5.48,5.72,6.28,6.56,6.83,7.24,7.43,7.61,7.7
1986,9,125.89421844482422,5.35,5.57,5.77,6.35,6.62,6.92,7.28,7.45,7.56,7.62
1986,8,118.30259704589844,5.69,5.79,5.93,6.33,6.49,6.8,7.01,7.17,7.28,7.33
1986,7,130.82106018066406,6.0,6.12,6.27,6.67,6.86,7.06,7.22,7.3,7.29,7.27
1986,6,115.0522918701172,6.4,6.56,6.73,7.18,7.41,7.64,7.75,7.8,7.69,7.57
1986,5,132.38616943359375,6.33,6.47,6.65,7.07,7.27,7.52,7.65,7.71,7.81,7.52
1986,4,102.47735595703124,6.24,6.36,6.44,6.7,6.86,7.05,7.16,7.3,7.5,7.39
1986,3,120.16004943847656,6.76,6.89,7.03,7.21,7.3,7.46,7.67,7.78,8.09,7.96
1986,2,118.99353790283205,7.29,7.47,7.61,7.97,8.1,8.34,8.58,8.7,9.08,8.93
1986,1,144.2664794921875,7.3,7.53,7.73,8.14,8.41,8.68,9.03,9.19,9.59,9.4
1985,12,104.17721557617188,7.33,7.5,7.67,8.15,8.4,8.73,9.11,9.26,9.75,9.54
1985,11,85.09912872314453,7.48,7.68,7.88,8.58,8.88,9.28,9.62,9.78,10.24,10.06
1985,10,93.09910583496092,7.4,7.71,8.01,8.86,9.25,9.69,10.11,10.24,10.67,10.5
1985,9,111.18446350097656,7.33,7.64,8.07,8.98,9.37,9.81,10.24,10.37,10.8,10.61
1985,8,111.24700927734376,7.37,7.71,8.05,8.94,9.31,9.81,10.2,10.33,10.73,10.56
1985,7,111.41510772705078,7.32,7.57,7.86,8.77,9.18,9.7,10.16,10.31,10.68,10.5
1985,6,119.5971450805664,7.18,7.46,7.8,8.69,9.05,9.6,10.08,10.16,10.57,10.45
1985,5,98.05365753173827,7.73,8.07,8.46,9.39,9.75,10.34,10.72,10.85,11.19,11.05
1985,4,84.77886962890625,8.22,8.71,9.14,10.09,10.49,11.01,11.34,11.43,11.69,11.47
1985,3,100.76148223876952,8.83,9.45,9.86,10.71,11.05,11.52,11.82,11.86,12.06,11.81
1985,2,78.31320190429686,8.56,8.87,9.29,10.17,10.55,11.13,11.44,11.51,11.7,11.47
1985,1,103.7488021850586,8.02,8.45,9.02,9.93,10.43,10.93,11.27,11.38,11.58,11.45
1984,12,129.87123107910156,8.34,8.76,9.33,10.18,10.56,11.07,11.45,11.5,11.64,11.52
1984,11,106.90444946289062,8.92,9.34,9.82,10.65,10.9,11.33,11.49,11.57,11.66,11.56
1984,10,91.1041717529297,10.12,10.52,10.9,11.6,11.85,12.06,12.16,12.16,12.04,11.98
1984,9,88.63725280761719,10.8,11.19,11.58,12.2,12.34,12.53,12.6,12.52,12.42,12.29
1984,8,103.43077087402344,10.9,11.37,11.82,12.43,12.5,12.68,12.75,12.72,12.71,12.54
1984,7,98.23896026611328,10.53,11.27,12.03,12.88,13.08,13.27,13.35,13.36,13.36,13.21
1984,6,107.43720245361328,10.26,11.24,12.08,12.91,13.18,13.48,13.56,13.56,13.54,13.44
1984,5,85.63728332519531,10.22,11.02,11.66,12.47,12.75,13.17,13.34,13.41,13.43,13.43
1984,4,88.73534393310547,10.07,10.47,10.9,11.69,11.98,12.37,12.56,12.63,12.65,12.65
1984,3,99.4737548828125,9.89,10.27,10.59,11.31,11.59,12.02,12.25,12.32,12.45,12.38
1984,2,122.94157409667967,9.46,9.77,10.04,10.79,11.05,11.54,11.75,11.84,12.0,11.95
1984,1,120.50577545166016,9.26,9.56,9.9,10.64,10.93,11.37,11.58,11.67,11.82,11.75
1983,12,81.43585205078125,9.36,9.76,10.11,10.84,11.13,11.54,11.78,11.83,12.02,11.88
1983,11,99.47738647460936,9.11,9.48,9.94,10.66,10.96,11.41,11.61,11.69,11.92,11.75
1983,10,97.20953369140624,8.99,9.39,9.81,10.57,10.87,11.28,11.47,11.54,11.77,11.58
1983,9,90.22024536132812,9.36,9.73,10.16,10.79,11.07,11.43,11.61,11.65,11.82,11.63
1983,8,84.14592742919923,9.74,10.16,10.53,11.07,11.3,11.63,11.77,11.85,11.96,11.82
1983,7,108.59049987792967,9.45,9.85,10.2,10.69,10.9,11.21,11.35,11.38,11.59,11.4
1983,6,106.10846710205078,9.14,9.44,9.66,10.18,10.32,10.63,10.83,10.85,11.12,10.93
1983,5,97.01246643066406,8.5,8.7,8.9,9.49,9.66,10.03,10.3,10.38,10.67,10.53
1983,4,103.45351409912108,8.51,8.78,8.98,9.57,9.76,10.02,10.29,10.4,10.63,10.48
1983,3,104.21082305908205,8.66,8.86,9.04,9.66,9.84,10.08,10.31,10.51,10.8,10.63
1983,2,115.98873901367188,8.39,8.65,8.92,9.64,9.91,10.26,10.56,10.72,11.03,10.88
1983,1,119.60696411132812,8.12,8.33,8.62,9.33,9.64,10.03,10.36,10.46,10.78,10.63
1982,12,111.54712677001952,8.2,8.59,8.91,9.66,9.88,10.22,10.49,10.54,10.62,10.54
1982,11,103.15013122558594,8.35,8.8,9.16,9.8,9.98,10.38,10.53,10.55,10.57,10.54
1982,10,108.55278778076172,7.97,8.63,9.32,10.19,10.62,10.8,10.88,10.91,10.97,11.17
1982,9,114.9473876953125,8.19,9.83,10.85,11.78,12.03,12.25,12.36,12.34,12.16,12.07
1982,8,116.87392425537108,9.0,10.51,11.43,12.32,12.62,13.0,13.14,13.06,12.91,12.77
1982,7,108.7554931640625,11.86,12.8,13.24,13.8,14.0,14.07,14.07,13.95,13.76,13.55
1982,6,125.7278060913086,13.08,13.76,14.07,14.47,14.48,14.43,14.47,14.3,14.18,13.92
1982,5,119.34410095214844,12.71,13.13,13.34,13.78,13.77,13.75,13.74,13.62,13.46,13.24
1982,4,110.73381042480467,13.34,13.87,13.98,14.2,14.18,14.0,13.94,13.87,13.57,13.37
1982,3,118.2138442993164,13.31,13.83,13.95,14.19,14.13,13.98,13.93,13.86,13.75,13.53
1982,2,101.9360122680664,14.28,14.81,14.73,14.82,14.73,14.54,14.46,14.43,14.48,14.22
1982,1,123.9594497680664,12.92,13.9,14.32,14.57,14.64,14.65,14.67,14.59,14.57,14.22
1981,12,87.0409927368164,11.32,12.44,12.85,13.29,13.66,13.6,13.62,13.72,13.73,13.45
1981,11,78.63443756103516,11.35,12.12,12.41,12.88,13.11,13.38,13.42,13.39,13.56,13.35
1981,10,101.42037200927734,14.23,15.06,15.38,15.54,15.5,15.41,15.33,15.15,15.13,14.68
1981,9,111.77701568603516,15.61,16.36,16.52,16.46,16.22,15.93,15.65,15.32,15.07,14.67
