"Series Description","Market yield on U.S. Treasury securities at 3-month   constant maturity, quoted on investment basis","Market yield on U.S. Treasury securities at 6-month   constant maturity, quoted on investment basis","Market yield on U.S. Treasury securities at 1-year   constant maturity, quoted on investment basis","Market yield on U.S. Treasury securities at 2-year   constant maturity, quoted on investment basis","Market yield on U.S. Treasury securities at 3-year   constant maturity, quoted on investment basis","Market yield on U.S. Treasury securities at 5-year   constant maturity, quoted on investment basis","Market yield on U.S. Treasury securities at 7-year   constant maturity, quoted on investment basis","Market yield on U.S. Treasury securities at 10-year   constant maturity, quoted on investment basis","Market yield on U.S. Treasury securities at 20-year   constant maturity, quoted on investment basis","Market yield on U.S. Treasury securities at 30-year   constant maturity, quoted on investment basis","3-month Treasury bill secondary market rate   discount basis","6-month Treasury bill secondary market rate   discount basis","1-year Treasury bill secondary market rate^  discount basis"
"Unit:","Percent:_Per_Year","Percent:_Per_Year","Percent:_Per_Year","Percent:_Per_Year","Percent:_Per_Year","Percent:_Per_Year","Percent:_Per_Year","Percent:_Per_Year","Percent:_Per_Year","Percent:_Per_Year","Percent:_Per_Year","Percent:_Per_Year","Percent:_Per_Year"
"Multiplier:","1","1","1","1","1","1","1","1","1","1","1","1","1"
"Currency:","NA","NA","NA","NA","NA","NA","NA","NA","NA","NA","NA","NA","NA"
"Unique Identifier: ","H15/H15/RIFLGFCM03_N.M","H15/H15/RIFLGFCM06_N.M","H15/H15/RIFLGFCY01_N.M","H15/H15/RIFLGFCY02_N.M","H15/H15/RIFLGFCY03_N.M","H15/H15/RIFLGFCY05_N.M","H15/H15/RIFLGFCY07_N.M","H15/H15/RIFLGFCY10_N.M","H15/H15/RIFLGFCY20_N.M","H15/H15/RIFLGFCY30_N.M","H15/H15/RIFSGFSM03_N.M","H15/H15/RIFSGFSM06_N.M","H15/H15/RIFSGFSY01_N.M"
"Time Period","RIFLGFCM03_N.M","RIFLGFCM06_N.M","RIFLGFCY01_N.M","RIFLGFCY02_N.M","RIFLGFCY03_N.M","RIFLGFCY05_N.M","RIFLGFCY07_N.M","RIFLGFCY10_N.M","RIFLGFCY20_N.M","RIFLGFCY30_N.M","RIFSGFSM03_N.M","RIFSGFSM06_N.M","RIFSGFSY01_N.M"
1981-09,15.61,16.36,16.52,16.46,16.22,15.93,15.65,15.32,15.07,14.67,14.70,14.92,14.53
1981-10,14.23,15.06,15.38,15.54,15.50,15.41,15.33,15.15,15.13,14.68,13.54,13.82,13.62
1981-11,11.35,12.12,12.41,12.88,13.11,13.38,13.42,13.39,13.56,13.35,10.86,11.30,11.20
1981-12,11.32,12.44,12.85,13.29,13.66,13.60,13.62,13.72,13.73,13.45,10.85,11.52,11.57
1982-01,12.92,13.90,14.32,14.57,14.64,14.65,14.67,14.59,14.57,14.22,12.28,12.83,12.77
1982-02,14.28,14.81,14.73,14.82,14.73,14.54,14.46,14.43,14.48,14.22,13.48,13.61,13.11
1982-03,13.31,13.83,13.95,14.19,14.13,13.98,13.93,13.86,13.75,13.53,12.68,12.77,12.47
1982-04,13.34,13.87,13.98,14.20,14.18,14.00,13.94,13.87,13.57,13.37,12.70,12.80,12.50
1982-05,12.71,13.13,13.34,13.78,13.77,13.75,13.74,13.62,13.46,13.24,12.09,12.16,11.98
1982-06,13.08,13.76,14.07,14.47,14.48,14.43,14.47,14.30,14.18,13.92,12.47,12.70,12.57
1982-07,11.86,12.80,13.24,13.80,14.00,14.07,14.07,13.95,13.76,13.55,11.35,11.88,11.90
1982-08,9.00,10.51,11.43,12.32,12.62,13.00,13.14,13.06,12.91,12.77,8.68,9.88,10.37
1982-09,8.19,9.83,10.85,11.78,12.03,12.25,12.36,12.34,12.16,12.07,7.92,9.37,9.92
1982-10,7.97,8.63,9.32,10.19,10.62,10.80,10.88,10.91,10.97,11.17,7.71,8.29,8.63
1982-11,8.35,8.80,9.16,9.80,9.98,10.38,10.53,10.55,10.57,10.54,8.07,8.34,8.44
1982-12,8.20,8.59,8.91,9.66,9.88,10.22,10.49,10.54,10.62,10.54,7.94,8.16,8.23
1983-01,8.12,8.33,8.62,9.33,9.64,10.03,10.36,10.46,10.78,10.63,7.86,7.93,8.01
1983-02,8.39,8.65,8.92,9.64,9.91,10.26,10.56,10.72,11.03,10.88,8.11,8.23,8.28
1983-03,8.66,8.86,9.04,9.66,9.84,10.08,10.31,10.51,10.80,10.63,8.35,8.37,8.36
1983-04,8.51,8.78,8.98,9.57,9.76,10.02,10.29,10.40,10.63,10.48,8.21,8.30,8.29
1983-05,8.50,8.70,8.90,9.49,9.66,10.03,10.30,10.38,10.67,10.53,8.19,8.22,8.23
1983-06,9.14,9.44,9.66,10.18,10.32,10.63,10.83,10.85,11.12,10.93,8.79,8.89,8.87
1983-07,9.45,9.85,10.20,10.69,10.90,11.21,11.35,11.38,11.59,11.40,9.08,9.26,9.34
1983-08,9.74,10.16,10.53,11.07,11.30,11.63,11.77,11.85,11.96,11.82,9.34,9.51,9.60
1983-09,9.36,9.73,10.16,10.79,11.07,11.43,11.61,11.65,11.82,11.63,9.00,9.15,9.27
1983-10,8.99,9.39,9.81,10.57,10.87,11.28,11.47,11.54,11.77,11.58,8.64,8.83,8.98
1983-11,9.11,9.48,9.94,10.66,10.96,11.41,11.61,11.69,11.92,11.75,8.76,8.93,9.08
1983-12,9.36,9.76,10.11,10.84,11.13,11.54,11.78,11.83,12.02,11.88,9.00,9.17,9.24
1984-01,9.26,9.56,9.90,10.64,10.93,11.37,11.58,11.67,11.82,11.75,8.90,9.01,9.07
1984-02,9.46,9.77,10.04,10.79,11.05,11.54,11.75,11.84,12.00,11.95,9.09,9.18,9.20
1984-03,9.89,10.27,10.59,11.31,11.59,12.02,12.25,12.32,12.45,12.38,9.52,9.66,9.67
1984-04,10.07,10.47,10.90,11.69,11.98,12.37,12.56,12.63,12.65,12.65,9.69,9.84,9.95
1984-05,10.22,11.02,11.66,12.47,12.75,13.17,13.34,13.41,13.43,13.43,9.83,10.31,10.57
1984-06,10.26,11.24,12.08,12.91,13.18,13.48,13.56,13.56,13.54,13.44,9.87,10.51,10.93
1984-07,10.53,11.27,12.03,12.88,13.08,13.27,13.35,13.36,13.36,13.21,10.12,10.52,10.89
1984-08,10.90,11.37,11.82,12.43,12.50,12.68,12.75,12.72,12.71,12.54,10.47,10.61,10.71
1984-09,10.80,11.19,11.58,12.20,12.34,12.53,12.60,12.52,12.42,12.29,10.37,10.47,10.51
1984-10,10.12,10.52,10.90,11.60,11.85,12.06,12.16,12.16,12.04,11.98,9.74,9.87,9.93
1984-11,8.92,9.34,9.82,10.65,10.90,11.33,11.49,11.57,11.66,11.56,8.61,8.81,9.01
1984-12,8.34,8.76,9.33,10.18,10.56,11.07,11.45,11.50,11.64,11.52,8.06,8.28,8.60
1985-01,8.02,8.45,9.02,9.93,10.43,10.93,11.27,11.38,11.58,11.45,7.76,8.00,8.33
1985-02,8.56,8.87,9.29,10.17,10.55,11.13,11.44,11.51,11.70,11.47,8.27,8.39,8.56
1985-03,8.83,9.45,9.86,10.71,11.05,11.52,11.82,11.86,12.06,11.81,8.52,8.90,9.06
1985-04,8.22,8.71,9.14,10.09,10.49,11.01,11.34,11.43,11.69,11.47,7.95,8.23,8.44
1985-05,7.73,8.07,8.46,9.39,9.75,10.34,10.72,10.85,11.19,11.05,7.48,7.65,7.85
1985-06,7.18,7.46,7.80,8.69,9.05,9.60,10.08,10.16,10.57,10.45,6.95,7.09,7.27
1985-07,7.32,7.57,7.86,8.77,9.18,9.70,10.16,10.31,10.68,10.50,7.08,7.20,7.31
1985-08,7.37,7.71,8.05,8.94,9.31,9.81,10.20,10.33,10.73,10.56,7.14,7.32,7.48
1985-09,7.33,7.64,8.07,8.98,9.37,9.81,10.24,10.37,10.80,10.61,7.10,7.27,7.50
1985-10,7.40,7.71,8.01,8.86,9.25,9.69,10.11,10.24,10.67,10.50,7.16,7.33,7.45
1985-11,7.48,7.68,7.88,8.58,8.88,9.28,9.62,9.78,10.24,10.06,7.24,7.30,7.33
1985-12,7.33,7.50,7.67,8.15,8.40,8.73,9.11,9.26,9.75,9.54,7.10,7.14,7.16
1986-01,7.30,7.53,7.73,8.14,8.41,8.68,9.03,9.19,9.59,9.40,7.07,7.16,7.21
1986-02,7.29,7.47,7.61,7.97,8.10,8.34,8.58,8.70,9.08,8.93,7.06,7.11,7.11
1986-03,6.76,6.89,7.03,7.21,7.30,7.46,7.67,7.78,8.09,7.96,6.56,6.57,6.59
1986-04,6.24,6.36,6.44,6.70,6.86,7.05,7.16,7.30,7.50,7.39,6.06,6.08,6.06
1986-05,6.33,6.47,6.65,7.07,7.27,7.52,7.65,7.71,7.81,7.52,6.15,6.19,6.25
1986-06,6.40,6.56,6.73,7.18,7.41,7.64,7.75,7.80,7.69,7.57,6.21,6.27,6.32
1986-07,6.00,6.12,6.27,6.67,6.86,7.06,7.22,7.30,7.29,7.27,5.83,5.86,5.90
1986-08,5.69,5.79,5.93,6.33,6.49,6.80,7.01,7.17,7.28,7.33,5.53,5.55,5.60
1986-09,5.35,5.57,5.77,6.35,6.62,6.92,7.28,7.45,7.56,7.62,5.21,5.35,5.45
1986-10,5.32,5.48,5.72,6.28,6.56,6.83,7.24,7.43,7.61,7.70,5.18,5.26,5.41
1986-11,5.50,5.64,5.80,6.28,6.46,6.76,7.08,7.25,7.42,7.52,5.35,5.41,5.48
1986-12,5.68,5.78,5.87,6.27,6.43,6.67,6.97,7.11,7.28,7.37,5.53,5.55,5.55
1987-01,5.58,5.67,5.78,6.23,6.41,6.64,6.92,7.08,NC,7.39,5.43,5.44,5.46
1987-02,5.75,5.83,5.96,6.40,6.56,6.79,7.06,7.25,NC,7.54,5.59,5.59,5.63
1987-03,5.77,5.86,6.03,6.42,6.58,6.79,7.06,7.25,NC,7.55,5.59,5.60,5.68
1987-04,5.82,6.19,6.50,7.02,7.32,7.57,7.83,8.02,NC,8.25,5.64,5.90,6.09
1987-05,5.85,6.35,7.00,7.76,8.02,8.26,8.47,8.61,NC,8.78,5.66,6.05,6.52
1987-06,5.85,6.28,6.80,7.57,7.82,8.02,8.27,8.40,NC,8.57,5.67,5.99,6.35
1987-07,5.88,6.05,6.68,7.44,7.74,8.01,8.27,8.45,NC,8.64,5.69,5.76,6.24
1987-08,6.23,6.46,7.03,7.75,8.03,8.32,8.59,8.76,NC,8.97,6.04,6.15,6.54
1987-09,6.62,6.99,7.67,8.34,8.67,8.94,9.26,9.42,NC,9.59,6.40,6.64,7.11
1987-10,6.35,7.04,7.59,8.40,8.75,9.08,9.37,9.52,NC,9.61,6.13,6.69,7.05
1987-11,5.89,6.50,6.96,7.69,7.99,8.35,8.69,8.86,NC,8.95,5.69,6.19,6.50
1987-12,5.96,6.68,7.17,7.86,8.13,8.45,8.82,8.99,NC,9.12,5.77,6.36,6.69
1988-01,6.00,6.56,6.99,7.63,7.87,8.18,8.48,8.67,NC,8.83,5.81,6.25,6.52
1988-02,5.84,6.21,6.64,7.18,7.38,7.71,8.02,8.21,NC,8.43,5.66,5.93,6.21
1988-03,5.87,6.18,6.71,7.27,7.50,7.83,8.19,8.37,NC,8.63,5.70,5.91,6.28
1988-04,6.08,6.50,7.01,7.59,7.83,8.19,8.52,8.72,NC,8.95,5.91,6.21,6.56
1988-05,6.45,6.89,7.40,8.00,8.24,8.58,8.89,9.09,NC,9.23,6.26,6.56,6.90
1988-06,6.66,7.04,7.49,8.03,8.22,8.49,8.78,8.92,NC,9.00,6.46,6.71,6.99
1988-07,6.95,7.35,7.75,8.28,8.44,8.66,8.91,9.06,NC,9.14,6.73,6.99,7.22
1988-08,7.30,7.79,8.17,8.63,8.77,8.94,9.13,9.26,NC,9.32,7.06,7.39,7.59
1988-09,7.48,7.82,8.09,8.46,8.57,8.69,8.87,8.98,NC,9.06,7.24,7.43,7.53
1988-10,7.60,7.90,8.11,8.35,8.43,8.51,8.69,8.80,NC,8.89,7.35,7.50,7.54
1988-11,8.03,8.30,8.48,8.67,8.72,8.79,8.89,8.96,NC,9.02,7.76,7.86,7.87
1988-12,8.35,8.70,8.99,9.09,9.11,9.09,9.13,9.11,NC,9.01,8.07,8.22,8.32
1989-01,8.56,8.85,9.05,9.18,9.20,9.15,9.14,9.09,NC,8.93,8.27,8.36,8.37
1989-02,8.84,9.05,9.25,9.37,9.32,9.27,9.23,9.17,NC,9.01,8.53,8.55,8.55
1989-03,9.14,9.39,9.57,9.68,9.61,9.51,9.43,9.36,NC,9.17,8.82,8.85,8.82
1989-04,8.96,9.17,9.36,9.45,9.40,9.30,9.24,9.18,NC,9.03,8.65,8.65,8.64
1989-05,8.74,8.91,8.98,9.02,8.98,8.91,8.88,8.86,NC,8.83,8.43,8.41,8.31
1989-06,8.43,8.38,8.44,8.41,8.37,8.29,8.31,8.28,NC,8.27,8.15,7.93,7.84
1989-07,8.15,8.01,7.89,7.82,7.83,7.83,7.94,8.02,NC,8.08,7.88,7.61,7.36
1989-08,8.17,8.17,8.18,8.14,8.13,8.09,8.11,8.11,NC,8.12,7.90,7.74,7.61
1989-09,8.01,8.16,8.22,8.28,8.26,8.17,8.23,8.19,NC,8.15,7.75,7.74,7.65
1989-10,7.90,8.03,7.99,7.98,8.02,7.97,8.03,8.01,NC,8.00,7.64,7.62,7.45
1989-11,7.94,7.89,7.77,7.80,7.80,7.81,7.86,7.87,NC,7.90,7.69,7.49,7.25
1989-12,7.88,7.81,7.72,7.78,7.77,7.75,7.85,7.84,NC,7.90,7.63,7.42,7.21
1990-01,7.90,7.96,7.92,8.09,8.13,8.12,8.20,8.21,NC,8.26,7.64,7.55,7.38
1990-02,8.00,8.12,8.11,8.37,8.39,8.42,8.48,8.47,NC,8.50,7.74,7.70,7.55
1990-03,8.17,8.28,8.35,8.63,8.63,8.60,8.65,8.59,NC,8.56,7.90,7.85,7.76
1990-04,8.04,8.27,8.40,8.72,8.78,8.77,8.81,8.79,NC,8.76,7.77,7.84,7.80
1990-05,8.01,8.19,8.32,8.64,8.69,8.74,8.78,8.76,NC,8.73,7.74,7.76,7.73
1990-06,7.99,8.05,8.10,8.35,8.40,8.43,8.52,8.48,NC,8.46,7.73,7.63,7.53
1990-07,7.87,7.92,7.94,8.16,8.26,8.33,8.46,8.47,NC,8.50,7.62,7.52,7.40
1990-08,7.69,7.77,7.78,8.06,8.22,8.44,8.64,8.75,NC,8.86,7.45,7.38,7.26
1990-09,7.60,7.70,7.76,8.08,8.27,8.51,8.79,8.89,NC,9.03,7.36,7.32,7.24
1990-10,7.40,7.53,7.55,7.88,8.07,8.33,8.59,8.72,NC,8.86,7.17,7.16,7.06
1990-11,7.29,7.39,7.31,7.60,7.74,8.02,8.28,8.39,NC,8.54,7.06,7.03,6.85
1990-12,6.95,7.03,7.05,7.31,7.47,7.73,8.00,8.08,NC,8.24,6.74,6.70,6.61
1991-01,6.41,6.58,6.64,7.13,7.38,7.70,7.97,8.09,NC,8.27,6.22,6.28,6.25
1991-02,6.12,6.19,6.27,6.87,7.08,7.47,7.73,7.85,NC,8.03,5.94,5.93,5.91
1991-03,6.09,6.20,6.40,7.10,7.35,7.77,8.00,8.11,NC,8.29,5.91,5.92,6.00
1991-04,5.83,5.98,6.24,6.95,7.23,7.70,7.92,8.04,NC,8.21,5.65,5.71,5.85
1991-05,5.63,5.87,6.13,6.78,7.12,7.70,7.94,8.07,NC,8.27,5.46,5.61,5.76
1991-06,5.75,6.02,6.36,6.96,7.39,7.94,8.17,8.28,NC,8.47,5.57,5.75,5.96
1991-07,5.75,5.97,6.31,6.92,7.38,7.91,8.15,8.27,NC,8.45,5.58,5.70,5.91
1991-08,5.50,5.63,5.78,6.43,6.80,7.43,7.74,7.90,NC,8.14,5.33,5.39,5.45
1991-09,5.37,5.48,5.57,6.18,6.50,7.14,7.48,7.65,NC,7.95,5.22,5.25,5.26
1991-10,5.14,5.26,5.33,5.91,6.23,6.87,7.25,7.53,NC,7.93,4.99,5.04,5.04
1991-11,4.69,4.80,4.89,5.56,5.90,6.62,7.06,7.42,NC,7.92,4.56,4.61,4.64
1991-12,4.18,4.26,4.38,5.03,5.39,6.19,6.69,7.09,NC,7.70,4.07,4.10,4.17
1992-01,3.91,4.01,4.15,4.96,5.40,6.24,6.70,7.03,NC,7.58,3.80,3.87,3.95
1992-02,3.95,4.08,4.29,5.21,5.72,6.58,6.96,7.34,NC,7.85,3.84,3.93,4.08
1992-03,4.14,4.33,4.63,5.69,6.18,6.95,7.26,7.54,NC,7.97,4.04,4.18,4.40
1992-04,3.84,4.00,4.30,5.34,5.93,6.78,7.15,7.48,NC,7.96,3.75,3.87,4.09
1992-05,3.72,3.88,4.19,5.23,5.81,6.69,7.06,7.39,NC,7.89,3.63,3.75,3.99
1992-06,3.75,3.90,4.17,5.05,5.60,6.48,6.90,7.26,NC,7.84,3.66,3.77,3.98
1992-07,3.28,3.38,3.60,4.36,4.91,5.84,6.36,6.84,NC,7.60,3.21,3.28,3.45
1992-08,3.20,3.31,3.47,4.19,4.72,5.60,6.12,6.59,NC,7.39,3.13,3.21,3.33
1992-09,2.97,3.04,3.18,3.89,4.42,5.38,5.96,6.42,NC,7.34,2.91,2.96,3.06
1992-10,2.93,3.13,3.30,4.08,4.64,5.60,6.15,6.59,NC,7.53,2.86,3.04,3.17
1992-11,3.21,3.44,3.68,4.58,5.14,6.04,6.49,6.87,NC,7.61,3.13,3.34,3.52
1992-12,3.29,3.47,3.71,4.67,5.21,6.08,6.46,6.77,NC,7.44,3.22,3.36,3.55
1993-01,3.07,3.24,3.50,4.39,4.93,5.83,6.26,6.60,NC,7.34,3.00,3.14,3.35
1993-02,2.99,3.16,3.39,4.10,4.58,5.43,5.87,6.26,NC,7.09,2.93,3.07,3.25
1993-03,3.01,3.15,3.33,3.95,4.40,5.19,5.66,5.98,NC,6.82,2.95,3.05,3.20
1993-04,2.93,3.06,3.24,3.84,4.30,5.13,5.59,5.97,NC,6.85,2.87,2.97,3.11
1993-05,3.03,3.17,3.36,3.98,4.40,5.20,5.66,6.04,NC,6.92,2.96,3.07,3.23
1993-06,3.14,3.29,3.54,4.16,4.53,5.22,5.61,5.96,NC,6.81,3.07,3.20,3.39
1993-07,3.11,3.26,3.47,4.07,4.43,5.09,5.48,5.81,NC,6.63,3.04,3.16,3.33
1993-08,3.09,3.24,3.44,4.00,4.36,5.03,5.35,5.68,NC,6.32,3.02,3.14,3.30
1993-09,3.01,3.15,3.36,3.85,4.17,4.73,5.08,5.36,NC,6.00,2.95,3.06,3.22
1993-10,3.09,3.22,3.39,3.87,4.18,4.71,5.05,5.33,6.07,5.94,3.02,3.12,3.25
1993-11,3.18,3.36,3.58,4.16,4.50,5.06,5.45,5.72,6.38,6.21,3.10,3.26,3.42
1993-12,3.13,3.34,3.61,4.21,4.54,5.15,5.48,5.77,6.40,6.25,3.06,3.23,3.45
1994-01,3.04,3.25,3.54,4.14,4.48,5.09,5.43,5.75,6.39,6.29,2.98,3.15,3.39
1994-02,3.33,3.53,3.87,4.47,4.83,5.40,5.72,5.97,6.57,6.49,3.25,3.43,3.69
1994-03,3.59,3.91,4.32,5.00,5.40,5.94,6.28,6.48,7.00,6.91,3.50,3.78,4.11
1994-04,3.78,4.25,4.82,5.55,5.99,6.52,6.80,6.97,7.40,7.27,3.68,4.09,4.57
1994-05,4.27,4.79,5.31,5.97,6.34,6.78,7.01,7.18,7.54,7.41,4.14,4.60,5.03
1994-06,4.25,4.72,5.27,5.93,6.27,6.70,6.91,7.10,7.51,7.40,4.14,4.55,4.98
1994-07,4.46,4.95,5.48,6.13,6.48,6.91,7.12,7.30,7.67,7.58,4.33,4.75,5.17
1994-08,4.61,5.08,5.56,6.18,6.50,6.88,7.06,7.24,7.62,7.49,4.48,4.88,5.25
1994-09,4.75,5.24,5.76,6.39,6.69,7.08,7.28,7.46,7.87,7.71,4.62,5.04,5.43
1994-10,5.10,5.62,6.11,6.73,7.04,7.40,7.58,7.74,8.08,7.94,4.95,5.39,5.75
1994-11,5.45,5.98,6.54,7.15,7.44,7.72,7.83,7.96,8.20,8.08,5.29,5.72,6.13
1994-12,5.76,6.50,7.14,7.59,7.71,7.78,7.80,7.81,7.99,7.87,5.60,6.21,6.67
1995-01,5.90,6.51,7.05,7.51,7.66,7.76,7.79,7.78,7.97,7.85,5.71,6.21,6.59
1995-02,5.94,6.31,6.70,7.11,7.25,7.37,7.44,7.47,7.73,7.61,5.77,6.03,6.28
1995-03,5.91,6.17,6.43,6.78,6.89,7.05,7.14,7.20,7.57,7.45,5.73,5.89,6.03
1995-04,5.84,6.05,6.27,6.57,6.68,6.86,6.95,7.06,7.45,7.36,5.65,5.77,5.88
1995-05,5.85,5.93,6.00,6.17,6.27,6.41,6.50,6.63,7.01,6.95,5.67,5.67,5.65
1995-06,5.64,5.66,5.64,5.72,5.80,5.93,6.05,6.17,6.59,6.57,5.47,5.42,5.33
1995-07,5.59,5.62,5.59,5.78,5.89,6.01,6.20,6.28,6.74,6.72,5.42,5.37,5.28
1995-08,5.57,5.65,5.75,5.98,6.10,6.24,6.41,6.49,6.92,6.86,5.40,5.41,5.43
1995-09,5.43,5.54,5.62,5.81,5.89,6.00,6.13,6.20,6.65,6.55,5.28,5.30,5.31
1995-10,5.44,5.56,5.59,5.70,5.77,5.86,5.97,6.04,6.45,6.37,5.28,5.32,5.28
1995-11,5.52,5.51,5.43,5.48,5.57,5.69,5.83,5.93,6.33,6.26,5.36,5.27,5.14
1995-12,5.29,5.35,5.31,5.32,5.39,5.51,5.63,5.71,6.12,6.06,5.14,5.13,5.03
1996-01,5.15,5.13,5.09,5.11,5.20,5.36,5.54,5.65,6.11,6.05,5.00,4.92,4.82
1996-02,4.96,4.97,4.94,5.03,5.14,5.38,5.64,5.81,6.30,6.24,4.83,4.77,4.69
1996-03,5.10,5.16,5.34,5.66,5.79,5.97,6.19,6.27,6.74,6.60,4.96,4.96,5.06
1996-04,5.09,5.27,5.54,5.96,6.11,6.30,6.48,6.51,6.98,6.79,4.95,5.06,5.23
1996-05,5.15,5.33,5.64,6.10,6.27,6.48,6.66,6.74,7.11,6.93,5.02,5.12,5.33
1996-06,5.23,5.46,5.81,6.30,6.49,6.69,6.83,6.91,7.22,7.06,5.09,5.25,5.48
1996-07,5.30,5.52,5.85,6.27,6.45,6.64,6.76,6.87,7.14,7.03,5.15,5.30,5.52
1996-08,5.19,5.34,5.67,6.03,6.21,6.39,6.52,6.64,6.97,6.84,5.05,5.13,5.35
1996-09,5.24,5.45,5.83,6.23,6.41,6.60,6.73,6.83,7.17,7.03,5.09,5.24,5.50
1996-10,5.12,5.32,5.55,5.91,6.08,6.27,6.42,6.53,6.90,6.81,4.99,5.11,5.25
1996-11,5.17,5.27,5.42,5.70,5.82,5.97,6.10,6.20,6.58,6.48,5.03,5.07,5.14
1996-12,5.04,5.24,5.47,5.78,5.91,6.07,6.20,6.30,6.65,6.55,4.91,5.04,5.18
1997-01,5.17,5.31,5.61,6.01,6.16,6.33,6.47,6.58,6.91,6.83,5.03,5.10,5.30
1997-02,5.14,5.27,5.53,5.90,6.03,6.20,6.32,6.42,6.77,6.69,5.01,5.06,5.23
1997-03,5.28,5.48,5.80,6.22,6.38,6.54,6.65,6.69,7.05,6.93,5.14,5.26,5.47
1997-04,5.30,5.60,5.99,6.45,6.61,6.76,6.86,6.89,7.20,7.09,5.16,5.37,5.64
1997-05,5.20,5.53,5.87,6.28,6.42,6.57,6.66,6.71,7.02,6.94,5.05,5.30,5.54
1997-06,5.07,5.34,5.69,6.09,6.24,6.38,6.46,6.49,6.84,6.77,4.93,5.13,5.38
1997-07,5.19,5.33,5.54,5.89,6.00,6.12,6.20,6.22,6.56,6.51,5.05,5.12,5.24
1997-08,5.28,5.40,5.56,5.94,6.06,6.16,6.29,6.30,6.65,6.58,5.14,5.19,5.27
1997-09,5.08,5.30,5.52,5.88,5.98,6.11,6.20,6.21,6.56,6.50,4.95,5.09,5.23
1997-10,5.11,5.30,5.46,5.77,5.84,5.93,6.05,6.03,6.38,6.33,4.97,5.09,5.17
1997-11,5.28,5.38,5.46,5.71,5.76,5.80,5.90,5.88,6.20,6.11,5.14,5.17,5.17
1997-12,5.30,5.45,5.53,5.72,5.74,5.77,5.83,5.81,6.07,5.99,5.16,5.24,5.24
1998-01,5.18,5.23,5.24,5.36,5.38,5.42,5.53,5.54,5.88,5.81,5.04,5.03,4.98
1998-02,5.23,5.27,5.31,5.42,5.43,5.49,5.60,5.57,5.96,5.89,5.09,5.07,5.04
1998-03,5.16,5.25,5.39,5.56,5.57,5.61,5.71,5.65,6.01,5.95,5.03,5.04,5.11
1998-04,5.08,5.26,5.38,5.56,5.58,5.61,5.70,5.64,6.00,5.92,4.95,5.06,5.10
1998-05,5.14,5.36,5.44,5.59,5.61,5.63,5.72,5.65,6.01,5.93,5.00,5.14,5.16
1998-06,5.12,5.32,5.41,5.52,5.52,5.52,5.56,5.50,5.80,5.70,4.98,5.12,5.13
1998-07,5.09,5.23,5.36,5.46,5.47,5.46,5.52,5.46,5.78,5.68,4.96,5.03,5.08
1998-08,5.04,5.15,5.21,5.27,5.24,5.27,5.36,5.34,5.66,5.54,4.90,4.95,4.94
1998-09,4.74,4.81,4.71,4.67,4.62,4.62,4.76,4.81,5.38,5.20,4.61,4.63,4.50
1998-10,4.07,4.20,4.12,4.09,4.18,4.18,4.46,4.53,5.30,5.01,3.96,4.05,3.95
1998-11,4.53,4.59,4.53,4.54,4.57,4.54,4.78,4.83,5.48,5.25,4.41,4.42,4.33
1998-12,4.50,4.57,4.52,4.51,4.48,4.45,4.65,4.65,5.36,5.06,4.39,4.40,4.32
1999-01,4.45,4.49,4.51,4.62,4.61,4.60,4.80,4.72,5.45,5.16,4.34,4.33,4.31
1999-02,4.56,4.61,4.70,4.88,4.90,4.91,5.10,5.00,5.66,5.37,4.44,4.44,4.48
1999-03,4.57,4.65,4.78,5.05,5.11,5.14,5.36,5.23,5.87,5.58,4.44,4.47,4.53
1999-04,4.41,4.54,4.69,4.98,5.03,5.08,5.28,5.18,5.82,5.55,4.29,4.37,4.45
1999-05,4.63,4.75,4.85,5.25,5.33,5.44,5.64,5.54,6.08,5.81,4.50,4.56,4.60
1999-06,4.72,5.03,5.10,5.62,5.70,5.81,6.05,5.90,6.36,6.04,4.57,4.82,4.82
1999-07,4.69,4.75,5.03,5.55,5.62,5.68,5.94,5.79,6.28,5.98,4.55,4.58,4.75
1999-08,4.87,5.09,5.20,5.68,5.77,5.84,6.15,5.94,6.43,6.07,4.72,4.87,4.91
1999-09,4.82,5.08,5.25,5.66,5.75,5.80,6.12,5.92,6.50,6.07,4.68,4.88,4.96
1999-10,5.02,5.20,5.43,5.86,5.94,6.03,6.33,6.11,6.66,6.26,4.86,4.98,5.12
1999-11,5.23,5.43,5.55,5.86,5.92,5.97,6.17,6.03,6.48,6.15,5.07,5.20,5.24
1999-12,5.36,5.68,5.84,6.10,6.14,6.19,6.38,6.28,6.69,6.35,5.20,5.44,5.51
2000-01,5.50,5.76,6.12,6.44,6.49,6.58,6.70,6.66,6.86,6.63,5.32,5.50,5.75
2000-02,5.73,6.00,6.22,6.61,6.65,6.68,6.72,6.52,6.54,6.23,5.55,5.72,5.84
2000-03,5.86,6.11,6.22,6.53,6.53,6.50,6.51,6.26,6.38,6.05,5.69,5.85,5.86
2000-04,5.82,6.07,6.15,6.40,6.36,6.26,6.27,5.99,6.18,5.85,5.66,5.81,5.80
2000-05,5.99,6.39,6.33,6.81,6.77,6.69,6.69,6.44,6.55,6.15,5.79,6.10,5.94
2000-06,5.86,6.24,6.17,6.48,6.43,6.30,6.33,6.10,6.28,5.93,5.69,5.97,5.83
2000-07,6.14,6.27,6.08,6.34,6.28,6.18,6.22,6.05,6.20,5.85,5.96,6.00,5.75
2000-08,6.28,6.35,6.18,6.23,6.17,6.06,6.05,5.83,6.02,5.72,6.09,6.07,5.87
2000-09,6.18,6.25,6.13,6.08,6.02,5.93,5.98,5.80,6.09,5.83,6.00,5.98,5.79
2000-10,6.29,6.32,6.01,5.91,5.85,5.78,5.84,5.74,6.04,5.80,6.11,6.04,5.72
2000-11,6.36,6.34,6.09,5.88,5.79,5.70,5.78,5.72,5.98,5.78,6.17,6.06,5.84
2000-12,5.94,5.92,5.60,5.35,5.26,5.17,5.28,5.24,5.64,5.49,5.77,5.68,5.33
2001-01,5.29,5.15,4.81,4.76,4.77,4.86,5.13,5.16,5.65,5.54,5.15,4.95,4.63
2001-02,5.01,4.89,4.68,4.66,4.71,4.89,5.10,5.10,5.62,5.45,4.88,4.71,4.51
2001-03,4.54,4.44,4.30,4.34,4.43,4.64,4.88,4.89,5.49,5.34,4.42,4.28,4.11
2001-04,3.97,3.99,3.98,4.23,4.42,4.76,5.03,5.14,5.78,5.65,3.87,3.85,3.80
2001-05,3.70,3.74,3.78,4.26,4.51,4.93,5.24,5.39,5.92,5.78,3.62,3.62,3.60
2001-06,3.57,3.56,3.58,4.08,4.35,4.81,5.14,5.28,5.82,5.67,3.49,3.45,3.37
2001-07,3.59,3.56,3.62,4.04,4.31,4.76,5.06,5.24,5.75,5.61,3.51,3.45,3.39
2001-08,3.44,3.39,3.47,3.76,4.04,4.57,4.84,4.97,5.58,5.48,3.36,3.29,3.26
2001-09,2.69,2.71,2.82,3.12,3.45,4.12,4.51,4.73,5.53,5.48,2.64,2.63,ND
2001-10,2.20,2.17,2.33,2.73,3.14,3.91,4.31,4.57,5.34,5.32,2.16,2.12,ND
2001-11,1.91,1.92,2.18,2.78,3.22,3.97,4.42,4.65,5.33,5.12,1.87,1.88,ND
2001-12,1.72,1.82,2.22,3.11,3.62,4.39,4.86,5.09,5.76,5.48,1.69,1.78,ND
2002-01,1.68,1.77,2.16,3.03,3.56,4.34,4.79,5.04,5.69,5.45,1.65,1.73,1.67
2002-02,1.76,1.86,2.23,3.02,3.55,4.30,4.71,4.91,5.61,5.45,1.72,1.82,1.67
2002-03,1.83,2.06,2.57,3.56,4.14,4.74,5.14,5.28,5.93,5.81,1.79,2.00,ND
2002-04,1.75,1.98,2.48,3.42,4.01,4.65,5.02,5.21,5.85,5.79,1.71,1.92,ND
2002-05,1.76,1.91,2.35,3.26,3.80,4.49,4.90,5.16,5.81,5.76,1.73,1.86,ND
2002-06,1.73,1.83,2.20,2.99,3.49,4.19,4.60,4.93,5.65,5.68,1.70,1.79,ND
2002-07,1.71,1.74,1.96,2.56,3.01,3.81,4.30,4.65,5.51,5.59,1.68,1.69,ND
2002-08,1.65,1.64,1.76,2.13,2.52,3.29,3.88,4.26,5.19,5.28,1.62,1.60,ND
2002-09,1.66,1.64,1.72,2.00,2.32,2.94,3.50,3.87,4.87,4.96,1.63,1.60,ND
2002-10,1.61,1.59,1.65,1.91,2.25,2.95,3.54,3.94,5.00,5.18,1.58,1.56,ND
2002-11,1.25,1.30,1.49,1.92,2.32,3.05,3.64,4.05,5.04,5.18,1.23,1.27,ND
2002-12,1.21,1.27,1.45,1.84,2.23,3.03,3.63,4.03,5.01,5.13,1.19,1.24,ND
2003-01,1.19,1.22,1.36,1.74,2.18,3.05,3.60,4.05,5.02,5.14,1.17,1.20,ND
2003-02,1.19,1.20,1.30,1.63,2.05,2.90,3.45,3.90,4.87,5.02,1.17,1.18,ND
2003-03,1.15,1.16,1.24,1.57,1.98,2.78,3.34,3.81,4.82,5.03,1.13,1.13,ND
2003-04,1.15,1.17,1.27,1.62,2.06,2.93,3.47,3.96,4.91,5.13,1.13,1.14,ND
2003-05,1.09,1.11,1.18,1.42,1.75,2.52,3.07,3.57,4.52,4.76,1.07,1.08,ND
2003-06,0.94,0.94,1.01,1.23,1.51,2.27,2.84,3.33,4.34,4.62,0.92,0.92,ND
2003-07,0.92,0.97,1.12,1.47,1.93,2.87,3.45,3.98,4.92,5.13,0.90,0.95,ND
2003-08,0.97,1.05,1.31,1.86,2.44,3.37,3.96,4.45,5.39,5.45,0.95,1.03,ND
2003-09,0.96,1.03,1.24,1.71,2.23,3.18,3.74,4.27,5.21,5.28,0.94,1.01,ND
2003-10,0.94,1.02,1.25,1.75,2.26,3.19,3.75,4.29,5.21,5.30,0.92,1.00,ND
2003-11,0.95,1.04,1.34,1.93,2.45,3.29,3.81,4.30,5.17,5.25,0.93,1.02,ND
2003-12,0.91,1.01,1.31,1.91,2.44,3.27,3.79,4.27,5.11,5.21,0.90,0.99,ND
2004-01,0.90,0.99,1.24,1.76,2.27,3.12,3.65,4.15,5.01,5.13,0.88,0.97,ND
2004-02,0.94,1.01,1.24,1.74,2.25,3.07,3.59,4.08,4.94,5.08,0.93,0.99,ND
2004-03,0.95,1.01,1.19,1.58,2.00,2.79,3.31,3.83,4.72,4.90,0.94,0.99,ND
2004-04,0.96,1.11,1.43,2.07,2.57,3.39,3.89,4.35,5.16,5.28,0.94,1.09,ND
2004-05,1.04,1.33,1.78,2.53,3.10,3.85,4.31,4.72,5.46,5.51,1.02,1.31,ND
2004-06,1.29,1.64,2.12,2.76,3.26,3.93,4.35,4.73,5.45,5.48,1.27,1.60,ND
2004-07,1.36,1.70,2.10,2.64,3.05,3.69,4.11,4.50,5.24,5.31,1.33,1.66,ND
2004-08,1.50,1.76,2.02,2.51,2.88,3.47,3.90,4.28,5.07,5.15,1.48,1.72,ND
2004-09,1.68,1.91,2.12,2.53,2.83,3.36,3.75,4.13,4.89,4.98,1.65,1.87,ND
2004-10,1.79,2.05,2.23,2.58,2.85,3.35,3.75,4.10,4.85,4.94,1.76,2.00,ND
2004-11,2.11,2.32,2.50,2.85,3.09,3.53,3.88,4.19,4.89,4.95,2.07,2.27,ND
2004-12,2.22,2.50,2.67,3.01,3.21,3.60,3.93,4.23,4.88,4.91,2.19,2.43,ND
2005-01,2.37,2.68,2.86,3.22,3.39,3.71,3.97,4.22,4.77,4.77,2.33,2.61,ND
2005-02,2.58,2.85,3.03,3.38,3.54,3.77,3.97,4.17,4.61,4.56,2.54,2.77,ND
2005-03,2.80,3.09,3.30,3.73,3.91,4.17,4.33,4.50,4.89,4.77,2.74,3.00,ND
2005-04,2.84,3.14,3.32,3.65,3.79,4.00,4.16,4.34,4.75,4.65,2.78,3.05,ND
2005-05,2.90,3.17,3.33,3.64,3.72,3.85,3.94,4.14,4.56,4.49,2.84,3.08,ND
2005-06,3.04,3.22,3.36,3.64,3.69,3.77,3.86,4.00,4.35,4.28,2.97,3.13,ND
2005-07,3.29,3.53,3.64,3.87,3.91,3.98,4.06,4.18,4.48,4.38,3.22,3.42,ND
2005-08,3.52,3.78,3.87,4.04,4.08,4.12,4.18,4.26,4.53,4.44,3.44,3.66,ND
2005-09,3.49,3.79,3.85,3.95,3.96,4.01,4.08,4.20,4.51,4.45,3.42,3.67,ND
2005-10,3.79,4.13,4.18,4.27,4.29,4.33,4.38,4.46,4.74,4.64,3.71,3.99,ND
2005-11,3.97,4.30,4.33,4.42,4.43,4.45,4.48,4.54,4.83,4.70,3.88,4.15,ND
2005-12,3.97,4.33,4.35,4.40,4.39,4.39,4.41,4.47,4.73,4.62,3.89,4.18,ND
2006-01,4.34,4.47,4.45,4.40,4.35,4.35,4.37,4.42,4.65,4.57,4.24,4.31,ND
2006-02,4.54,4.69,4.68,4.67,4.64,4.57,4.56,4.57,4.73,4.57,4.43,4.52,ND
2006-03,4.63,4.79,4.77,4.73,4.74,4.72,4.71,4.72,4.91,4.73,4.51,4.62,ND
2006-04,4.72,4.90,4.90,4.89,4.89,4.90,4.94,4.99,5.22,5.06,4.60,4.72,ND
2006-05,4.84,5.01,5.00,4.97,4.97,5.00,5.03,5.11,5.35,5.20,4.72,4.82,ND
2006-06,4.92,5.17,5.16,5.12,5.09,5.07,5.08,5.11,5.29,5.15,4.79,4.97,ND
2006-07,5.08,5.27,5.22,5.12,5.07,5.04,5.05,5.09,5.25,5.13,4.95,5.06,ND
2006-08,5.09,5.17,5.08,4.90,4.85,4.82,4.83,4.88,5.08,5.00,4.96,4.97,ND
2006-09,4.93,5.08,4.97,4.77,4.69,4.67,4.68,4.72,4.93,4.85,4.81,4.89,ND
2006-10,5.05,5.12,5.01,4.80,4.72,4.69,4.69,4.73,4.94,4.85,4.92,4.92,ND
2006-11,5.07,5.15,5.01,4.74,4.64,4.58,4.58,4.60,4.78,4.69,4.94,4.95,ND
2006-12,4.97,5.07,4.94,4.67,4.58,4.53,4.54,4.56,4.78,4.68,4.85,4.88,ND
2007-01,5.11,5.15,5.06,4.88,4.79,4.75,4.75,4.76,4.95,4.85,4.98,4.95,ND
2007-02,5.16,5.16,5.05,4.85,4.75,4.71,4.71,4.72,4.93,4.82,5.03,4.96,ND
2007-03,5.08,5.10,4.92,4.57,4.51,4.48,4.50,4.56,4.81,4.72,4.94,4.89,ND
2007-04,5.01,5.07,4.93,4.67,4.60,4.59,4.62,4.69,4.95,4.87,4.87,4.86,ND
2007-05,4.87,4.98,4.91,4.77,4.69,4.67,4.69,4.75,4.98,4.90,4.73,4.78,ND
2007-06,4.74,4.95,4.96,4.98,5.00,5.03,5.05,5.10,5.29,5.20,4.61,4.76,ND
2007-07,4.96,5.04,4.96,4.82,4.82,4.88,4.93,5.00,5.19,5.11,4.82,4.83,ND
2007-08,4.32,4.55,4.47,4.31,4.34,4.43,4.53,4.67,5.00,4.93,4.20,4.38,ND
2007-09,3.99,4.20,4.14,4.01,4.06,4.20,4.33,4.52,4.84,4.79,3.89,4.05,ND
2007-10,4.00,4.16,4.10,3.97,4.01,4.20,4.33,4.53,4.83,4.77,3.90,4.01,ND
2007-11,3.35,3.58,3.50,3.34,3.35,3.67,3.87,4.15,4.56,4.52,3.27,3.46,ND
2007-12,3.07,3.34,3.26,3.12,3.13,3.49,3.74,4.10,4.57,4.53,3.00,3.23,ND
2008-01,2.82,2.84,2.71,2.48,2.51,2.98,3.31,3.74,4.35,4.33,2.75,2.75,ND
2008-02,2.17,2.10,2.05,1.97,2.19,2.78,3.21,3.74,4.49,4.52,2.12,2.04,ND
2008-03,1.28,1.51,1.54,1.62,1.80,2.48,2.93,3.51,4.36,4.39,1.26,1.48,ND
2008-04,1.31,1.58,1.74,2.05,2.23,2.84,3.19,3.68,4.44,4.44,1.29,1.55,ND
2008-05,1.76,1.86,2.06,2.45,2.69,3.15,3.46,3.88,4.60,4.60,1.73,1.82,ND
2008-06,1.89,2.19,2.42,2.77,3.08,3.49,3.73,4.10,4.74,4.69,1.86,2.13,2.35
2008-07,1.66,1.98,2.28,2.57,2.87,3.30,3.60,4.01,4.62,4.57,1.63,1.93,2.20
2008-08,1.75,1.97,2.18,2.42,2.70,3.14,3.46,3.89,4.53,4.50,1.72,1.92,2.11
2008-09,1.15,1.64,1.91,2.08,2.32,2.88,3.25,3.69,4.32,4.27,1.13,1.61,1.86
2008-10,0.69,1.23,1.42,1.61,1.86,2.73,3.19,3.81,4.45,4.17,0.67,1.20,1.38
2008-11,0.19,0.74,1.07,1.21,1.51,2.29,2.82,3.53,4.27,4.00,0.19,0.73,1.04
2008-12,0.03,0.26,0.49,0.82,1.07,1.52,1.89,2.42,3.18,2.87,0.03,0.26,0.47
2009-01,0.13,0.30,0.44,0.81,1.13,1.60,1.98,2.52,3.46,3.13,0.13,0.30,0.42
2009-02,0.30,0.46,0.62,0.98,1.37,1.87,2.30,2.87,3.83,3.59,0.30,0.45,0.60
2009-03,0.22,0.43,0.64,0.93,1.31,1.82,2.42,2.82,3.78,3.64,0.21,0.42,0.62
2009-04,0.16,0.35,0.55,0.93,1.32,1.86,2.47,2.93,3.84,3.76,0.16,0.35,0.52
2009-05,0.18,0.30,0.50,0.93,1.39,2.13,2.81,3.29,4.22,4.23,0.18,0.30,0.48
2009-06,0.18,0.31,0.51,1.18,1.76,2.71,3.37,3.72,4.51,4.52,0.18,0.31,0.49
2009-07,0.18,0.28,0.48,1.02,1.55,2.46,3.14,3.56,4.38,4.41,0.18,0.27,0.46
2009-08,0.17,0.27,0.46,1.12,1.65,2.57,3.21,3.59,4.33,4.37,0.17,0.26,0.44
2009-09,0.12,0.21,0.40,0.96,1.48,2.37,3.02,3.40,4.14,4.19,0.12,0.21,0.38
2009-10,0.07,0.16,0.37,0.95,1.46,2.33,2.96,3.39,4.16,4.19,0.07,0.16,0.35
2009-11,0.05,0.15,0.31,0.80,1.32,2.23,2.92,3.40,4.24,4.31,0.05,0.15,0.29
2009-12,0.05,0.17,0.37,0.87,1.38,2.34,3.07,3.59,4.40,4.49,0.05,0.17,0.35
2010-01,0.06,0.15,0.35,0.93,1.49,2.48,3.21,3.73,4.50,4.60,0.06,0.15,0.32
2010-02,0.11,0.18,0.35,0.86,1.40,2.36,3.12,3.69,4.48,4.62,0.11,0.18,0.33
2010-03,0.15,0.23,0.40,0.96,1.51,2.43,3.16,3.73,4.49,4.64,0.15,0.22,0.37
2010-04,0.16,0.24,0.45,1.06,1.64,2.58,3.28,3.85,4.53,4.69,0.16,0.24,0.42
2010-05,0.16,0.22,0.37,0.83,1.32,2.18,2.86,3.42,4.11,4.29,0.16,0.22,0.35
2010-06,0.12,0.19,0.32,0.72,1.17,2.00,2.66,3.20,3.95,4.13,0.12,0.19,0.30
2010-07,0.16,0.20,0.29,0.62,0.98,1.76,2.43,3.01,3.80,3.99,0.16,0.20,0.28
2010-08,0.16,0.19,0.26,0.52,0.78,1.47,2.10,2.70,3.52,3.80,0.16,0.19,0.25
2010-09,0.15,0.19,0.26,0.48,0.74,1.41,2.05,2.65,3.47,3.77,0.15,0.19,0.25
2010-10,0.13,0.18,0.23,0.38,0.57,1.18,1.85,2.54,3.52,3.87,0.13,0.18,0.22
2010-11,0.14,0.18,0.25,0.45,0.67,1.35,2.02,2.76,3.82,4.19,0.14,0.18,0.24
2010-12,0.14,0.19,0.29,0.62,0.99,1.93,2.66,3.29,4.17,4.42,0.14,0.19,0.28
2011-01,0.15,0.18,0.27,0.61,1.03,1.99,2.72,3.39,4.28,4.52,0.15,0.18,0.26
2011-02,0.13,0.17,0.29,0.77,1.28,2.26,2.96,3.58,4.42,4.65,0.13,0.17,0.27
2011-03,0.10,0.16,0.26,0.70,1.17,2.11,2.80,3.41,4.27,4.51,0.10,0.16,0.24
2011-04,0.06,0.12,0.25,0.73,1.21,2.17,2.84,3.46,4.28,4.50,0.06,0.12,0.23
2011-05,0.04,0.09,0.19,0.56,0.94,1.84,2.51,3.17,4.01,4.29,0.04,0.09,0.17
2011-06,0.04,0.10,0.18,0.41,0.71,1.58,2.29,3.00,3.91,4.23,0.04,0.10,0.17
2011-07,0.04,0.08,0.19,0.41,0.68,1.54,2.28,3.00,3.95,4.27,0.04,0.08,0.18
2011-08,0.02,0.06,0.11,0.23,0.38,1.02,1.63,2.30,3.24,3.65,0.02,0.06,0.11
2011-09,0.01,0.04,0.10,0.21,0.35,0.90,1.42,1.98,2.83,3.18,0.01,0.04,0.10
2011-10,0.02,0.05,0.11,0.28,0.47,1.06,1.62,2.15,2.87,3.13,0.02,0.05,0.11
2011-11,0.01,0.05,0.11,0.25,0.39,0.91,1.45,2.01,2.72,3.02,0.01,0.05,0.11
2011-12,0.01,0.05,0.12,0.26,0.39,0.89,1.43,1.98,2.67,2.98,0.01,0.05,0.11
2012-01,0.03,0.07,0.12,0.24,0.36,0.84,1.38,1.97,2.70,3.03,0.03,0.07,0.11
2012-02,0.09,0.12,0.16,0.28,0.38,0.83,1.37,1.97,2.75,3.11,0.09,0.12,0.15
2012-03,0.08,0.14,0.19,0.34,0.51,1.02,1.56,2.17,2.94,3.28,0.08,0.14,0.18
2012-04,0.08,0.14,0.18,0.29,0.43,0.89,1.43,2.05,2.82,3.18,0.08,0.14,0.18
2012-05,0.09,0.15,0.19,0.29,0.39,0.76,1.21,1.80,2.53,2.93,0.09,0.15,0.19
2012-06,0.09,0.15,0.19,0.29,0.39,0.71,1.08,1.62,2.31,2.70,0.09,0.15,0.18
2012-07,0.10,0.15,0.19,0.25,0.33,0.62,0.98,1.53,2.22,2.59,0.10,0.15,0.18
2012-08,0.10,0.14,0.18,0.27,0.37,0.71,1.14,1.68,2.40,2.77,0.10,0.14,0.18
2012-09,0.11,0.14,0.18,0.26,0.34,0.67,1.12,1.72,2.49,2.88,0.11,0.14,0.17
2012-10,0.10,0.15,0.18,0.28,0.37,0.71,1.15,1.75,2.51,2.90,0.10,0.15,0.17
2012-11,0.09,0.14,0.18,0.27,0.36,0.67,1.08,1.65,2.39,2.80,0.09,0.14,0.17
2012-12,0.07,0.12,0.16,0.26,0.35,0.70,1.13,1.72,2.47,2.88,0.07,0.12,0.15
2013-01,0.07,0.11,0.15,0.27,0.39,0.81,1.30,1.91,2.68,3.08,0.07,0.11,0.14
2013-02,0.10,0.12,0.16,0.27,0.40,0.85,1.35,1.98,2.78,3.17,0.10,0.12,0.15
2013-03,0.09,0.11,0.15,0.26,0.39,0.82,1.32,1.96,2.78,3.16,0.09,0.11,0.14
2013-04,0.06,0.09,0.12,0.23,0.34,0.71,1.15,1.76,2.55,2.93,0.06,0.09,0.12
2013-05,0.04,0.08,0.12,0.25,0.40,0.84,1.31,1.93,2.73,3.11,0.04,0.08,0.11
2013-06,0.05,0.09,0.14,0.33,0.58,1.20,1.71,2.30,3.07,3.40,0.05,0.09,0.14
2013-07,0.04,0.07,0.12,0.34,0.64,1.40,1.99,2.58,3.31,3.61,0.04,0.07,0.12
2013-08,0.04,0.07,0.13,0.36,0.70,1.52,2.15,2.74,3.49,3.76,0.04,0.07,0.12
2013-09,0.02,0.04,0.12,0.40,0.78,1.60,2.22,2.81,3.53,3.79,0.02,0.04,0.11
2013-10,0.05,0.08,0.12,0.34,0.63,1.37,1.99,2.62,3.38,3.68,0.05,0.08,0.11
2013-11,0.07,0.10,0.12,0.30,0.58,1.37,2.07,2.72,3.50,3.80,0.07,0.10,0.12
2013-12,0.07,0.10,0.13,0.34,0.69,1.58,2.29,2.90,3.63,3.89,0.07,0.10,0.13
2014-01,0.04,0.07,0.12,0.39,0.78,1.65,2.29,2.86,3.52,3.77,0.04,0.07,0.11
2014-02,0.05,0.08,0.12,0.33,0.69,1.52,2.15,2.71,3.38,3.66,0.05,0.08,0.11
2014-03,0.05,0.08,0.13,0.40,0.82,1.64,2.23,2.72,3.35,3.62,0.05,0.08,0.12
2014-04,0.03,0.05,0.11,0.42,0.88,1.70,2.27,2.71,3.27,3.52,0.03,0.05,0.10
2014-05,0.03,0.05,0.10,0.39,0.83,1.59,2.12,2.56,3.12,3.39,0.03,0.05,0.09
2014-06,0.04,0.06,0.10,0.45,0.90,1.68,2.19,2.60,3.15,3.42,0.04,0.06,0.10
2014-07,0.03,0.06,0.11,0.51,0.97,1.70,2.17,2.54,3.07,3.33,0.03,0.06,0.10
2014-08,0.03,0.05,0.11,0.47,0.93,1.63,2.08,2.42,2.94,3.20,0.03,0.05,0.10
2014-09,0.02,0.04,0.11,0.57,1.05,1.77,2.22,2.53,3.01,3.26,0.02,0.04,0.10
2014-10,0.02,0.05,0.10,0.45,0.88,1.55,1.98,2.30,2.77,3.04,0.02,0.05,0.10
2014-11,0.02,0.07,0.13,0.53,0.96,1.62,2.03,2.33,2.76,3.04,0.02,0.07,0.12
2014-12,0.03,0.11,0.21,0.64,1.06,1.64,1.98,2.21,2.55,2.83,0.03,0.11,0.20
2015-01,0.03,0.08,0.20,0.55,0.90,1.37,1.67,1.88,2.20,2.46,0.03,0.08,0.18
2015-02,0.02,0.07,0.22,0.62,0.99,1.47,1.79,1.98,2.34,2.57,0.02,0.07,0.21
2015-03,0.03,0.11,0.25,0.64,1.02,1.52,1.84,2.04,2.41,2.63,0.03,0.11,0.24
2015-04,0.02,0.09,0.23,0.54,0.87,1.35,1.69,1.94,2.33,2.59,0.02,0.09,0.22
2015-05,0.02,0.08,0.24,0.61,0.98,1.54,1.93,2.20,2.69,2.96,0.02,0.08,0.22
2015-06,0.02,0.09,0.28,0.69,1.07,1.68,2.10,2.36,2.85,3.11,0.02,0.09,0.26
2015-07,0.03,0.12,0.30,0.67,1.03,1.63,2.04,2.32,2.77,3.07,0.03,0.12,0.28
2015-08,0.07,0.22,0.38,0.70,1.03,1.54,1.91,2.17,2.55,2.86,0.07,0.22,0.36
2015-09,0.02,0.18,0.37,0.71,1.01,1.49,1.88,2.17,2.62,2.95,0.02,0.18,0.35
2015-10,0.02,0.11,0.26,0.64,0.93,1.39,1.76,2.07,2.50,2.89,0.02,0.11,0.25
2015-11,0.13,0.33,0.48,0.88,1.20,1.67,2.02,2.26,2.69,3.03,0.12,0.32,0.45
2015-12,0.23,0.50,0.65,0.98,1.28,1.70,2.04,2.24,2.61,2.97,0.23,0.49,0.63
2016-01,0.26,0.43,0.54,0.90,1.14,1.52,1.85,2.09,2.49,2.86,0.26,0.43,0.52
2016-02,0.31,0.45,0.53,0.73,0.90,1.22,1.53,1.78,2.20,2.62,0.31,0.44,0.52
2016-03,0.30,0.47,0.66,0.88,1.04,1.38,1.68,1.89,2.28,2.68,0.29,0.46,0.64
2016-04,0.23,0.37,0.56,0.77,0.92,1.26,1.57,1.81,2.21,2.62,0.23,0.37,0.54
2016-05,0.28,0.42,0.59,0.82,0.97,1.30,1.60,1.81,2.22,2.63,0.27,0.41,0.57
2016-06,0.27,0.40,0.55,0.73,0.86,1.17,1.44,1.64,2.02,2.45,0.27,0.40,0.54
2016-07,0.30,0.40,0.51,0.67,0.79,1.07,1.33,1.50,1.82,2.23,0.30,0.39,0.50
2016-08,0.30,0.45,0.57,0.74,0.85,1.13,1.40,1.56,1.89,2.26,0.30,0.44,0.55
2016-09,0.29,0.47,0.59,0.77,0.90,1.18,1.46,1.63,2.02,2.35,0.29,0.46,0.58
2016-10,0.33,0.48,0.66,0.84,0.99,1.27,1.56,1.76,2.17,2.50,0.33,0.47,0.64
2016-11,0.45,0.58,0.74,0.98,1.22,1.60,1.93,2.14,2.54,2.86,0.45,0.57,0.71
2016-12,0.51,0.64,0.87,1.20,1.49,1.96,2.29,2.49,2.84,3.11,0.51,0.63,0.84
2017-01,0.52,0.62,0.83,1.21,1.48,1.92,2.23,2.43,2.75,3.02,0.51,0.61,0.80
2017-02,0.53,0.65,0.82,1.20,1.47,1.90,2.22,2.42,2.76,3.03,0.52,0.64,0.79
2017-03,0.75,0.89,1.01,1.31,1.59,2.01,2.30,2.48,2.83,3.08,0.74,0.87,0.98
2017-04,0.81,0.95,1.04,1.24,1.44,1.82,2.10,2.30,2.67,2.94,0.80,0.93,1.01
2017-05,0.90,1.04,1.12,1.30,1.48,1.84,2.11,2.30,2.70,2.96,0.89,1.02,1.09
2017-06,1.00,1.11,1.20,1.34,1.49,1.77,2.01,2.19,2.54,2.80,0.98,1.09,1.17
2017-07,1.09,1.13,1.22,1.37,1.54,1.87,2.13,2.32,2.65,2.88,1.07,1.11,1.19
2017-08,1.03,1.13,1.23,1.34,1.48,1.78,2.03,2.21,2.55,2.80,1.01,1.11,1.20
2017-09,1.05,1.17,1.28,1.38,1.51,1.80,2.03,2.20,2.53,2.78,1.03,1.15,1.25
2017-10,1.09,1.25,1.40,1.55,1.68,1.98,2.20,2.36,2.65,2.88,1.07,1.23,1.36
2017-11,1.25,1.39,1.56,1.70,1.81,2.05,2.23,2.35,2.60,2.80,1.23,1.36,1.51
2017-12,1.34,1.50,1.70,1.84,1.96,2.18,2.32,2.40,2.60,2.77,1.32,1.47,1.65
2018-01,1.43,1.62,1.80,2.03,2.15,2.38,2.51,2.58,2.73,2.88,1.41,1.59,1.75
2018-02,1.59,1.79,1.96,2.18,2.36,2.60,2.78,2.86,3.02,3.13,1.57,1.75,1.90
2018-03,1.73,1.92,2.06,2.28,2.42,2.63,2.77,2.84,2.97,3.09,1.70,1.87,2.00
2018-04,1.79,1.98,2.15,2.38,2.52,2.70,2.82,2.87,2.96,3.07,1.76,1.93,2.08
2018-05,1.90,2.07,2.27,2.51,2.66,2.82,2.93,2.98,3.05,3.13,1.86,2.02,2.20
2018-06,1.94,2.11,2.33,2.53,2.65,2.78,2.87,2.91,2.98,3.05,1.90,2.06,2.25
2018-07,1.99,2.17,2.39,2.61,2.70,2.78,2.85,2.89,2.94,3.01,1.96,2.11,2.31
2018-08,2.07,2.24,2.45,2.64,2.71,2.77,2.84,2.89,2.97,3.04,2.03,2.19,2.36
2018-09,2.17,2.34,2.56,2.77,2.84,2.89,2.96,3.00,3.08,3.15,2.13,2.29,2.47
2018-10,2.29,2.46,2.65,2.86,2.94,3.00,3.09,3.15,3.27,3.34,2.25,2.40,2.56
2018-11,2.37,2.52,2.70,2.86,2.91,2.95,3.04,3.12,3.27,3.36,2.33,2.46,2.60
2018-12,2.41,2.54,2.66,2.68,2.67,2.68,2.75,2.83,2.98,3.10,2.37,2.48,2.57
2019-01,2.42,2.51,2.58,2.54,2.52,2.54,2.61,2.71,2.89,3.04,2.37,2.45,2.50
2019-02,2.44,2.50,2.55,2.50,2.48,2.49,2.57,2.68,2.87,3.02,2.39,2.44,2.47
2019-03,2.45,2.51,2.49,2.41,2.37,2.37,2.47,2.57,2.80,2.98,2.40,2.44,2.41
2019-04,2.43,2.46,2.42,2.34,2.31,2.33,2.43,2.53,2.76,2.94,2.38,2.39,2.34
2019-05,2.40,2.42,2.34,2.21,2.16,2.19,2.29,2.40,2.63,2.82,2.35,2.35,2.27
2019-06,2.22,2.17,2.00,1.81,1.78,1.83,1.95,2.07,2.36,2.57,2.17,2.11,1.94
2019-07,2.15,2.08,1.96,1.84,1.80,1.83,1.93,2.06,2.36,2.57,2.10,2.03,1.91
2019-08,1.99,1.93,1.77,1.57,1.51,1.49,1.55,1.63,1.91,2.12,1.95,1.88,1.73
2019-09,1.93,1.89,1.80,1.65,1.59,1.57,1.64,1.70,1.97,2.16,1.89,1.84,1.75
2019-10,1.68,1.67,1.61,1.55,1.53,1.53,1.62,1.71,2.00,2.19,1.65,1.62,1.57
2019-11,1.57,1.59,1.57,1.61,1.61,1.64,1.74,1.81,2.13,2.28,1.54,1.55,1.53
2019-12,1.57,1.58,1.55,1.61,1.63,1.68,1.79,1.86,2.16,2.30,1.54,1.54,1.51
2020-01,1.55,1.56,1.53,1.52,1.52,1.56,1.67,1.76,2.07,2.22,1.52,1.52,1.49
2020-02,1.54,1.51,1.41,1.33,1.31,1.32,1.42,1.50,1.81,1.97,1.52,1.47,1.37
2020-03,0.30,0.30,0.33,0.45,0.50,0.59,0.78,0.87,1.26,1.46,0.29,0.29,0.32
2020-04,0.14,0.17,0.18,0.22,0.28,0.39,0.55,0.66,1.06,1.27,0.14,0.17,0.18
2020-05,0.13,0.15,0.16,0.17,0.22,0.34,0.53,0.67,1.12,1.38,0.13,0.15,0.16
2020-06,0.16,0.18,0.18,0.19,0.22,0.34,0.55,0.73,1.27,1.49,0.16,0.18,0.18
2020-07,0.13,0.14,0.15,0.15,0.17,0.28,0.46,0.62,1.09,1.31,0.13,0.14,0.15
2020-08,0.10,0.12,0.13,0.14,0.16,0.27,0.46,0.65,1.14,1.36,0.10,0.12,0.13
2020-09,0.11,0.12,0.13,0.13,0.16,0.27,0.46,0.68,1.21,1.42,0.11,0.12,0.13
2020-10,0.10,0.11,0.13,0.15,0.19,0.34,0.55,0.79,1.34,1.57,0.10,0.11,0.13
2020-11,0.09,0.10,0.12,0.17,0.22,0.39,0.63,0.87,1.40,1.62,0.09,0.10,0.12
2020-12,0.09,0.09,0.10,0.14,0.19,0.39,0.66,0.93,1.47,1.67,0.09,0.09,0.10
2021-01,0.08,0.09,0.10,0.13,0.20,0.45,0.77,1.08,1.63,1.82,0.08,0.09,0.10
2021-02,0.04,0.06,0.07,0.12,0.21,0.54,0.91,1.26,1.88,2.04,0.04,0.06,0.07
2021-03,0.03,0.05,0.08,0.15,0.32,0.82,1.27,1.61,2.24,2.34,0.03,0.05,0.07
2021-04,0.02,0.04,0.06,0.16,0.35,0.86,1.31,1.64,2.20,2.30,0.02,0.04,0.06
2021-05,0.02,0.04,0.05,0.16,0.32,0.82,1.28,1.62,2.22,2.32,0.02,0.04,0.05
2021-06,0.04,0.05,0.07,0.20,0.39,0.84,1.23,1.52,2.09,2.16,0.04,0.05,0.07
2021-07,0.05,0.05,0.08,0.22,0.40,0.76,1.07,1.32,1.87,1.94,0.05,0.05,0.07
2021-08,0.05,0.06,0.07,0.22,0.42,0.77,1.06,1.28,1.83,1.92,0.05,0.06,0.07
2021-09,0.04,0.05,0.08,0.24,0.47,0.86,1.16,1.37,1.87,1.94,0.04,0.05,0.07
2021-10,0.05,0.06,0.11,0.39,0.67,1.11,1.40,1.58,2.03,2.06,0.05,0.06,0.10
2021-11,0.05,0.07,0.18,0.51,0.82,1.20,1.45,1.56,1.97,1.94,0.05,0.07,0.17
2021-12,0.06,0.15,0.30,0.68,0.95,1.23,1.40,1.47,1.90,1.85,0.06,0.15,0.28
2022-01,0.15,0.33,0.55,0.98,1.25,1.54,1.70,1.76,2.15,2.10,0.15,0.33,0.53
2022-02,0.31,0.64,1.00,1.44,1.65,1.81,1.91,1.93,2.31,2.25,0.33,0.64,0.97
2022-03,0.45,0.86,1.34,1.91,2.09,2.11,2.15,2.13,2.51,2.41,0.44,0.83,1.28
2022-04,0.76,1.26,1.89,2.54,2.72,2.78,2.80,2.75,2.99,2.81,0.76,1.23,1.81
2022-05,0.99,1.49,2.06,2.62,2.79,2.87,2.92,2.90,3.26,3.07,0.98,1.45,1.97
2022-06,1.54,2.17,2.65,3.00,3.15,3.19,3.21,3.14,3.48,3.25,1.49,2.11,2.55
2022-07,2.30,2.87,3.02,3.04,3.03,2.96,2.97,2.90,3.35,3.10,2.23,2.76,2.91
2022-08,2.72,3.15,3.28,3.25,3.23,3.03,2.98,2.90,3.35,3.13,2.63,3.05,3.16
2022-09,3.22,3.71,3.89,3.86,3.88,3.70,3.64,3.52,3.82,3.56,3.13,3.63,3.73
2022-10,3.87,4.31,4.43,4.38,4.38,4.18,4.09,3.98,4.28,4.04,3.72,4.18,4.23
2022-11,4.32,4.61,4.73,4.50,4.34,4.06,3.99,3.89,4.22,4.00,4.15,4.48,4.51
2022-12,4.36,4.71,4.68,4.29,4.05,3.76,3.72,3.62,3.87,3.66,4.25,4.55,4.47
2023-01,4.69,4.80,4.69,4.21,3.91,3.64,3.59,3.53,3.81,3.66,4.54,4.67,4.49
2023-02,4.79,4.97,4.93,4.53,4.23,3.94,3.86,3.75,3.95,3.80,4.65,4.81,4.70
2023-03,4.86,4.99,4.68,4.30,4.09,3.82,3.77,3.66,3.94,3.77,4.69,4.77,4.47
2023-04,5.07,4.99,4.68,4.02,3.76,3.54,3.50,3.46,3.80,3.68,4.92,4.79,4.48
2023-05,5.31,5.27,4.91,4.13,3.82,3.59,3.58,3.57,3.96,3.86,5.14,5.03,4.69
2023-06,5.42,5.42,5.24,4.64,4.27,3.95,3.85,3.75,4.04,3.87,5.16,5.19,4.98
2023-07,5.49,5.53,5.37,4.83,4.47,4.14,4.03,3.90,4.15,3.96,5.25,5.27,5.10
2023-08,5.56,5.54,5.37,4.90,4.59,4.31,4.26,4.17,4.46,4.28,5.30,5.28,5.09
2023-09,5.56,5.51,5.44,5.02,4.74,4.49,4.46,4.38,4.65,4.47,5.32,5.31,5.15
2023-10,5.60,5.57,5.42,5.07,4.89,4.77,4.82,4.80,5.13,4.95,5.34,5.33,5.15
2023-11,5.52,5.44,5.28,4.88,4.64,4.49,4.53,4.50,4.84,4.66,5.27,5.24,5.01
2023-12,5.44,5.34,4.96,4.46,4.19,4.00,4.04,4.02,4.32,4.14,5.24,5.12,4.72
2024-01,5.45,5.21,4.79,4.32,4.11,3.98,4.03,4.06,4.39,4.26,5.22,5.02,4.57
2024-02,5.44,5.28,4.92,4.54,4.33,4.19,4.21,4.21,4.49,4.38,5.24,5.09,4.69
2024-03,5.47,5.36,4.99,4.59,4.38,4.20,4.21,4.21,4.46,4.36,5.24,5.11,4.76
2024-04,5.44,5.38,5.14,4.87,4.71,4.56,4.56,4.54,4.77,4.66,5.24,5.15,4.89
2024-05,5.46,5.42,5.16,4.86,4.66,4.50,4.49,4.48,4.71,4.62,5.25,5.17,4.91
2024-06,5.51,5.37,5.11,4.74,4.50,4.32,4.30,4.31,4.54,4.44,5.24,5.15,4.87
2024-07,5.43,5.25,4.90,4.50,4.29,4.16,4.19,4.25,4.56,4.46,5.20,5.01,4.68
2024-08,5.30,4.96,4.43,3.97,3.79,3.71,3.77,3.87,4.25,4.15,5.05,4.74,4.25
2024-09,4.92,4.55,4.03,3.62,3.51,3.50,3.60,3.72,4.10,4.04,4.72,4.42,3.87
2024-10,4.72,4.44,4.20,3.97,3.90,3.91,3.99,4.10,4.44,4.38,4.51,4.30,4.03
2024-11,4.62,4.43,4.33,4.26,4.21,4.23,4.29,4.36,4.63,4.54,4.42,4.31,4.14
2024-12,4.39,4.32,4.23,4.23,4.22,4.25,4.32,4.39,4.66,4.58,4.27,4.19,4.05
2025-01,4.34,4.26,4.18,4.27,4.33,4.43,4.53,4.63,4.92,4.85,4.21,4.15,4.00
2025-02,4.33,4.30,4.19,4.21,4.22,4.28,4.37,4.45,4.73,4.68,4.22,4.19,4.01
2025-03,4.34,4.27,4.06,3.97,3.96,4.04,4.16,4.28,4.63,4.60,4.20,4.10,3.90
2025-04,4.32,4.20,3.95,3.78,3.78,3.91,4.08,4.28,4.74,4.71,4.21,4.05,3.80
2025-05,4.36,4.30,4.09,3.92,3.90,4.02,4.22,4.42,4.92,4.90,4.25,4.13,3.92
2025-06,4.42,4.30,4.06,3.89,3.86,3.96,4.16,4.38,4.90,4.89,4.23,4.14,3.90
2025-07,4.41,4.31,4.08,3.88,3.84,3.95,4.15,4.39,4.92,4.92,4.25,4.13,3.91
2025-08,4.30,4.11,3.89,3.70,3.67,3.79,4.00,4.26,4.85,4.87,4.12,3.94,3.74
2025-09,4.07,3.84,3.66,3.57,3.55,3.66,3.86,4.12,4.71,4.74,3.92,3.75,3.52
2025-10,3.98,3.79,3.61,3.52,3.53,3.65,3.83,4.06,4.61,4.64,3.82,3.68,3.48
2025-11,3.94,3.78,3.66,3.55,3.56,3.67,3.86,4.09,4.67,4.70,3.78,3.69,3.52
2025-12,3.68,3.63,3.54,3.50,3.55,3.70,3.90,4.14,4.76,4.80,3.59,3.53,3.41
2026-01,3.67,3.59,3.51,3.54,3.61,3.78,3.99,4.21,4.79,4.84,3.57,3.51,3.37
2026-02,3.69,3.60,3.48,3.47,3.52,3.68,3.89,4.13,4.70,4.76,3.60,3.52,3.35